Человек-паук	аааааааааааааааааааыыу	Thu, 15 Sep 2022 12:34:42 GMT	scifi	2017	8			Пацаны с района, 3 паучка	Архитектор	170	6				
День Д	Ахвлзпывальылвлхэвл	Thu, 15 Sep 2022 12:34:42 GMT	documentary	2017	10			Еще одни пацаны с района, ДиКаприо, ВдВешник и другие	Какой то русский	180	5				
Джентельмен	уаывавыаывасмапипрр	Sun, 18 Sep 2022 12:34:42 GMT	scifi	2017	8.7			ДиКаприо, ВдВешник и другие	Гай Ричи	170	5				
Джентельмен	вввввввввввввввввввввввв	Thu, 15 Sep 2022 12:34:42 GMT	scifi	2018	9			3 паучка	Гай Ричи	90	8				
Начало	вавызалывзазыщвоазщоывазщоывоаывз	Wed, 14 Sep 2022 12:34:42 GMT	crime	2019	8.7			Еще одни пацаны с района, ДиКаприо, ВдВешник и другие	Гай Ричи	190	7				
День Д	аааааааааааааааааааыыу	Sun, 18 Sep 2022 12:34:42 GMT	documentary	2017	10			ДиКаприо, ВдВешник и другие	Гай Ричи	170	7				
Начало	уаывавыаывасмапипрр	Wed, 14 Sep 2022 12:34:42 GMT	crime	2019	10			ВдВешник и другие	Джони Кардано	170	6				
Джентельмен	вввввввввввввввввввввввв	Sat, 17 Sep 2022 12:34:42 GMT	family	2017	8.7			Еще одни пацаны с района, ДиКаприо, ВдВешник и другие	МакГрегор	170	7				
Время первых	аааааааааааааааааааыыу	Sun, 18 Sep 2022 12:34:42 GMT	scifi	2016	8			ДиКаприо, ВдВешник и другие	Архитектор	210	4				
День Д	вввввввввввввввввввввввв	Thu, 15 Sep 2022 12:34:42 GMT	crime	2020	10			Еще одни пацаны с района, ДиКаприо, ВдВешник и другие	Гай Ричи	170	4				
Начало	аааааааааааааааааааыыу	Thu, 15 Sep 2022 12:34:42 GMT	crime	2020	8.7			Пацаны с района, 3 паучка, Еще одни пацаны с района, ДиКаприо	МакГрегор	210	6				
Джентельмен	аааааааааааааааааааыыу	Tue, 13 Sep 2022 12:34:42 GMT	crime	2019	10			3 паучка, Еще одни пацаны с района	Архитектор	190	7				
Джентельмен	вавызалывзазыщвоазщоывазщоывоаывз	Wed, 14 Sep 2022 12:34:42 GMT	scifi	2019	10			Пацаны с района, 3 паучка	МакГрегор	170	4				
Начало	аааааааааааааааааааыыу	Wed, 14 Sep 2022 12:34:42 GMT	scifi	2018	10			3 паучка, Еще одни пацаны с района, ДиКаприо	Гай Ричи	210	7				
Время первых	вввввввввввввввввввввввв	Sat, 17 Sep 2022 12:34:42 GMT	family	2017	10			3 паучка	Джони Кардано	170	7				
День Д	аааааааааааааааааааыыу	Fri, 16 Sep 2022 12:34:42 GMT	family	2018	8			Еще одни пацаны с района, ДиКаприо, ВдВешник и другие	МакГрегор	180	6				
Человек-паук	аааааааааааааааааааыыу	Fri, 16 Sep 2022 12:34:42 GMT	crime	2016	10			3 паучка, Еще одни пацаны с района, ДиКаприо	МакГрегор	170	7				
Джентельмен	аааааааааааааааааааыыу	Thu, 15 Sep 2022 12:34:42 GMT	documentary	2018	10			ДиКаприо, ВдВешник и другие	Гай Ричи	170	5				
Человек-паук	вввввввввввввввввввввввв	Sat, 17 Sep 2022 12:34:42 GMT	family	2018	10			ДиКаприо, ВдВешник и другие	Архитектор	170	4				
Начало	аааааааааааааааааааыыу	Mon, 19 Sep 2022 12:34:42 GMT	scifi	2019	10			ВдВешник и другие	Джони Кардано	180	4				
День Д	вавызалывзазыщвоазщоывазщоывоаывз	Wed, 14 Sep 2022 12:34:42 GMT	scifi	2016	10			ДиКаприо, ВдВешник и другие	Гай Ричи	170	6				
Человек-паук	уаывавыаывасмапипрр	Tue, 13 Sep 2022 12:34:42 GMT	crime	2019	10			Еще одни пацаны с района, ДиКаприо, ВдВешник и другие	Гай Ричи	180	6				
Джентельмен	аааааааааааааааааааыыу	Thu, 15 Sep 2022 12:34:42 GMT	drama	2017	10			ДиКаприо, ВдВешник и другие	Архитектор	170	5				
Джентельмен	вввввввввввввввввввввввв	Thu, 15 Sep 2022 12:34:42 GMT	drama	2016	10			Еще одни пацаны с района, ДиКаприо, ВдВешник и другие	Архитектор	210	8				
Время первых	уаывавыаывасмапипрр	Thu, 15 Sep 2022 12:34:42 GMT	family	2018	8.7			Пацаны с района, 3 паучка, Еще одни пацаны с района, ДиКаприо	Джони Кардано	170	5				
Начало	уаывавыаывасмапипрр	Sun, 18 Sep 2022 12:34:42 GMT	drama	2017	10			3 паучка, Еще одни пацаны с района, ДиКаприо, ВдВешник и другие	МакГрегор	190	6				
Человек-паук	вввввввввввввввввввввввв	Thu, 15 Sep 2022 12:34:42 GMT	documentary	2018	8.7			ДиКаприо, ВдВешник и другие	Архитектор	90	5				
Человек-паук	вавызалывзазыщвоазщоывазщоывоаывз	Wed, 14 Sep 2022 12:34:42 GMT	family	2017	8			Еще одни пацаны с района, ДиКаприо, ВдВешник и другие	Гай Ричи	170	6				
Человек-паук	уаывавыаывасмапипрр	Wed, 14 Sep 2022 12:34:42 GMT	scifi	2016	10			ДиКаприо, ВдВешник и другие	МакГрегор	170	7				
Человек-паук	аааааааааааааааааааыыу	Fri, 16 Sep 2022 12:34:42 GMT	scifi	2019	10			Еще одни пацаны с района, ДиКаприо, ВдВешник и другие	Архитектор	180	7				
Время первых	аааааааааааааааааааыыу	Mon, 19 Sep 2022 12:34:42 GMT	documentary	2016	10			ДиКаприо, ВдВешник и другие	МакГрегор	210	6				
Начало	аааааааааааааааааааыыу	Sat, 17 Sep 2022 12:34:42 GMT	scifi	2016	8.7			Пацаны с района, 3 паучка, Еще одни пацаны с района, ДиКаприо, ВдВешник и другие	Архитектор	180	6				
Человек-паук	аааааааааааааааааааыыу	Wed, 14 Sep 2022 12:34:42 GMT	crime	2017	8			ДиКаприо, ВдВешник и другие	Архитектор	170	6				
Начало	вввввввввввввввввввввввв	Wed, 14 Sep 2022 12:34:42 GMT	drama	2016	8.7			ДиКаприо, ВдВешник и другие	Гай Ричи	210	7				
Начало	аааааааааааааааааааыыу	Tue, 13 Sep 2022 12:34:42 GMT	scifi	2018	10			3 паучка, Еще одни пацаны с района	Архитектор	90	7				
Начало	вввввввввввввввввввввввв	Wed, 14 Sep 2022 12:34:42 GMT	drama	2019	8.7			3 паучка, Еще одни пацаны с района, ДиКаприо, ВдВешник и другие	МакГрегор	210	6				
Время первых	вавызалывзазыщвоазщоывазщоывоаывз	Mon, 19 Sep 2022 12:34:42 GMT	drama	2017	9			ДиКаприо, ВдВешник и другие	МакГрегор	170	5				
День Д	вввввввввввввввввввввввв	Sat, 17 Sep 2022 12:34:42 GMT	drama	2017	10			3 паучка, Еще одни пацаны с района, ДиКаприо, ВдВешник и другие	Джони Кардано	170	5				
Джентельмен	вавызалывзазыщвоазщоывазщоывоаывз	Thu, 15 Sep 2022 12:34:42 GMT	scifi	2019	8			3 паучка	Какой то русский	210	6				
Время первых	уаывавыаывасмапипрр	Tue, 13 Sep 2022 12:34:42 GMT	drama	2019	10			3 паучка, Еще одни пацаны с района, ДиКаприо, ВдВешник и другие	МакГрегор	170	7				
Джентельмен	Ахвлзпывальылвлхэвл	Thu, 15 Sep 2022 12:34:42 GMT	drama	2017	9			Пацаны с района, 3 паучка	МакГрегор	210	5				
Человек-паук	вавызалывзазыщвоазщоывазщоывоаывз	Wed, 14 Sep 2022 12:34:42 GMT	drama	2017	10			3 паучка, Еще одни пацаны с района, ДиКаприо	МакГрегор	170	4				
Время первых	Ахвлзпывальылвлхэвл	Wed, 14 Sep 2022 12:34:42 GMT	crime	2020	10			ВдВешник и другие	Гай Ричи	170	6				
Начало	вавызалывзазыщвоазщоывазщоывоаывз	Fri, 16 Sep 2022 12:34:42 GMT	documentary	2018	8.7			Еще одни пацаны с района, ДиКаприо, ВдВешник и другие	Архитектор	90	8				
День Д	вввввввввввввввввввввввв	Thu, 15 Sep 2022 12:34:42 GMT	drama	2020	8.7			3 паучка, Еще одни пацаны с района, ДиКаприо, ВдВешник и другие	МакГрегор	170	5				
Человек-паук	вввввввввввввввввввввввв	Sat, 17 Sep 2022 12:34:42 GMT	scifi	2020	8.7			3 паучка, Еще одни пацаны с района, ДиКаприо	Какой то русский	210	7				
День Д	Ахвлзпывальылвлхэвл	Sat, 17 Sep 2022 12:34:42 GMT	crime	2020	10			Еще одни пацаны с района, ДиКаприо	Гай Ричи	90	8				
Джентельмен	аааааааааааааааааааыыу	Thu, 15 Sep 2022 12:34:42 GMT	scifi	2017	9			ДиКаприо, ВдВешник и другие	Гай Ричи	170	7				
День Д	вавызалывзазыщвоазщоывазщоывоаывз	Wed, 14 Sep 2022 12:34:42 GMT	family	2020	10			ДиКаприо, ВдВешник и другие	Джони Кардано	90	7				
Начало	вавызалывзазыщвоазщоывазщоывоаывз	Wed, 14 Sep 2022 12:34:42 GMT	crime	2019	10			Еще одни пацаны с района, ДиКаприо, ВдВешник и другие	Какой то русский	90	4				
Время первых	уаывавыаывасмапипрр	Sat, 17 Sep 2022 12:34:42 GMT	drama	2018	10			Пацаны с района, 3 паучка, Еще одни пацаны с района	МакГрегор	190	6				
Джентельмен	аааааааааааааааааааыыу	Tue, 13 Sep 2022 12:34:42 GMT	documentary	2018	10			ДиКаприо, ВдВешник и другие	Гай Ричи	170	7				
Начало	уаывавыаывасмапипрр	Fri, 16 Sep 2022 12:34:42 GMT	drama	2020	10			ДиКаприо, ВдВешник и другие	МакГрегор	90	5				
Человек-паук	Ахвлзпывальылвлхэвл	Thu, 15 Sep 2022 12:34:42 GMT	crime	2017	10			3 паучка, Еще одни пацаны с района, ДиКаприо, ВдВешник и другие	МакГрегор	180	6				
Начало	аааааааааааааааааааыыу	Sun, 18 Sep 2022 12:34:42 GMT	scifi	2019	10			3 паучка	МакГрегор	90	7				
Джентельмен	вввввввввввввввввввввввв	Wed, 14 Sep 2022 12:34:42 GMT	drama	2020	8.7				Какой то русский	170	5				
Начало	вавызалывзазыщвоазщоывазщоывоаывз	Sat, 17 Sep 2022 12:34:42 GMT	family	2019	8.7			3 паучка, Еще одни пацаны с района	МакГрегор	170	7				
Время первых	вавызалывзазыщвоазщоывазщоывоаывз	Sat, 17 Sep 2022 12:34:42 GMT	scifi	2019	8			ДиКаприо, ВдВешник и другие	МакГрегор	180	4				
Джентельмен	аааааааааааааааааааыыу	Thu, 15 Sep 2022 12:34:42 GMT	drama	2017	10			ВдВешник и другие	Джони Кардано	90	8				
Начало	аааааааааааааааааааыыу	Tue, 13 Sep 2022 12:34:42 GMT	scifi	2018	10			3 паучка, Еще одни пацаны с района, ДиКаприо, ВдВешник и другие	Гай Ричи	170	5				
Человек-паук	уаывавыаывасмапипрр	Wed, 14 Sep 2022 12:34:42 GMT	crime	2020	10			ДиКаприо, ВдВешник и другие	Джони Кардано	210	8				
Человек-паук	уаывавыаывасмапипрр	Wed, 14 Sep 2022 12:34:42 GMT	crime	2017	10			ДиКаприо, ВдВешник и другие	Архитектор	210	7				
Джентельмен	аааааааааааааааааааыыу	Fri, 16 Sep 2022 12:34:42 GMT	documentary	2016	10			Пацаны с района, 3 паучка	Гай Ричи	170	5				
Начало	вввввввввввввввввввввввв	Thu, 15 Sep 2022 12:34:42 GMT	crime	2019	10			Пацаны с района	Архитектор	180	5				
Джентельмен	вавызалывзазыщвоазщоывазщоывоаывз	Sun, 18 Sep 2022 12:34:42 GMT	documentary	2019	10			Еще одни пацаны с района, ДиКаприо, ВдВешник и другие	Архитектор	170	6				
Начало	вввввввввввввввввввввввв	Wed, 14 Sep 2022 12:34:42 GMT	crime	2016	10			ДиКаприо, ВдВешник и другие	Какой то русский	170	7				
Время первых	аааааааааааааааааааыыу	Thu, 15 Sep 2022 12:34:42 GMT	scifi	2016	8.7			3 паучка, Еще одни пацаны с района	Какой то русский	170	5				
Время первых	вавызалывзазыщвоазщоывазщоывоаывз	Fri, 16 Sep 2022 12:34:42 GMT	drama	2018	8			Еще одни пацаны с района, ДиКаприо, ВдВешник и другие	МакГрегор	170	6				
Джентельмен	вавызалывзазыщвоазщоывазщоывоаывз	Wed, 14 Sep 2022 12:34:42 GMT	crime	2016	10			ДиКаприо, ВдВешник и другие	Гай Ричи	180	7				
Начало	вавызалывзазыщвоазщоывазщоывоаывз	Thu, 15 Sep 2022 12:34:42 GMT	scifi	2019	9			3 паучка, Еще одни пацаны с района, ДиКаприо	Гай Ричи	180	5				
Начало	вавызалывзазыщвоазщоывазщоывоаывз	Sat, 17 Sep 2022 12:34:42 GMT	crime	2016	10			ДиКаприо, ВдВешник и другие	Какой то русский	90	7				
Человек-паук	вввввввввввввввввввввввв	Thu, 15 Sep 2022 12:34:42 GMT	scifi	2017	10			Еще одни пацаны с района, ДиКаприо, ВдВешник и другие	Архитектор	180	5				
Начало	вввввввввввввввввввввввв	Fri, 16 Sep 2022 12:34:42 GMT	drama	2018	10			Пацаны с района, 3 паучка	МакГрегор	170	4				
Начало	вввввввввввввввввввввввв	Thu, 15 Sep 2022 12:34:42 GMT	scifi	2019	8.7			3 паучка, Еще одни пацаны с района, ДиКаприо, ВдВешник и другие	Гай Ричи	170	8				
Человек-паук	аааааааааааааааааааыыу	Fri, 16 Sep 2022 12:34:42 GMT	documentary	2018	10			Еще одни пацаны с района, ДиКаприо, ВдВешник и другие	Гай Ричи	190	5				
Начало	вавызалывзазыщвоазщоывазщоывоаывз	Wed, 14 Sep 2022 12:34:42 GMT	drama	2017	10			Пацаны с района, 3 паучка, Еще одни пацаны с района	МакГрегор	90	5				
Начало	аааааааааааааааааааыыу	Wed, 14 Sep 2022 12:34:42 GMT	crime	2019	8			ВдВешник и другие	МакГрегор	90	4				
День Д	уаывавыаывасмапипрр	Tue, 13 Sep 2022 12:34:42 GMT	drama	2018	10			ДиКаприо, ВдВешник и другие	Джони Кардано	190	7				
Джентельмен	уаывавыаывасмапипрр	Tue, 13 Sep 2022 12:34:42 GMT	scifi	2017	9			Пацаны с района, 3 паучка, Еще одни пацаны с района	Архитектор	180	6				
Начало	вавызалывзазыщвоазщоывазщоывоаывз	Sat, 17 Sep 2022 12:34:42 GMT	drama	2017	10			3 паучка	Архитектор	170	4				
Человек-паук	вввввввввввввввввввввввв	Sat, 17 Sep 2022 12:34:42 GMT	family	2020	10			Пацаны с района, 3 паучка, Еще одни пацаны с района, ДиКаприо, ВдВешник и другие	МакГрегор	170	5				
Начало	вввввввввввввввввввввввв	Mon, 19 Sep 2022 12:34:42 GMT	scifi	2019	8.7			3 паучка	МакГрегор	210	6				
День Д	вавызалывзазыщвоазщоывазщоывоаывз	Thu, 15 Sep 2022 12:34:42 GMT	drama	2018	8.7			Еще одни пацаны с района, ДиКаприо, ВдВешник и другие	Гай Ричи	180	8				
Начало	вввввввввввввввввввввввв	Thu, 15 Sep 2022 12:34:42 GMT	family	2019	9			3 паучка, Еще одни пацаны с района	МакГрегор	210	6				
Джентельмен	вввввввввввввввввввввввв	Mon, 19 Sep 2022 12:34:42 GMT	crime	2020	10			3 паучка, Еще одни пацаны с района	Какой то русский	90	4				
Начало	вавызалывзазыщвоазщоывазщоывоаывз	Tue, 13 Sep 2022 12:34:42 GMT	documentary	2020	10			Еще одни пацаны с района, ДиКаприо, ВдВешник и другие	Архитектор	170	4				
Время первых	аааааааааааааааааааыыу	Sat, 17 Sep 2022 12:34:42 GMT	drama	2020	8.7			3 паучка, Еще одни пацаны с района	МакГрегор	210	7				
Джентельмен	Ахвлзпывальылвлхэвл	Sat, 17 Sep 2022 12:34:42 GMT	scifi	2018	10			ВдВешник и другие	Гай Ричи	170	8				
День Д	вввввввввввввввввввввввв	Sun, 18 Sep 2022 12:34:42 GMT	crime	2020	10			ДиКаприо, ВдВешник и другие	Гай Ричи	170	7				
Начало	вавызалывзазыщвоазщоывазщоывоаывз	Fri, 16 Sep 2022 12:34:42 GMT	scifi	2019	8.7			ДиКаприо, ВдВешник и другие	Архитектор	180	6				
Человек-паук	вввввввввввввввввввввввв	Thu, 15 Sep 2022 12:34:42 GMT	scifi	2017	8.7			Пацаны с района, 3 паучка, Еще одни пацаны с района	Гай Ричи	170	6				
Джентельмен	вавызалывзазыщвоазщоывазщоывоаывз	Thu, 15 Sep 2022 12:34:42 GMT	crime	2020	9			Еще одни пацаны с района, ДиКаприо, ВдВешник и другие	Гай Ричи	210	5				
Джентельмен	вавызалывзазыщвоазщоывазщоывоаывз	Fri, 16 Sep 2022 12:34:42 GMT	family	2018	8.7			ВдВешник и другие	Гай Ричи	170	5				
День Д	вввввввввввввввввввввввв	Wed, 14 Sep 2022 12:34:42 GMT	documentary	2018	10			Пацаны с района	Архитектор	180	6				
Человек-паук	вавызалывзазыщвоазщоывазщоывоаывз	Fri, 16 Sep 2022 12:34:42 GMT	crime	2016	10			3 паучка, Еще одни пацаны с района, ДиКаприо, ВдВешник и другие	Гай Ричи	190	6				
Человек-паук	уаывавыаывасмапипрр	Tue, 13 Sep 2022 12:34:42 GMT	drama	2018	8.7			Еще одни пацаны с района, ДиКаприо, ВдВешник и другие	Архитектор	210	7				
Человек-паук	вввввввввввввввввввввввв	Sat, 17 Sep 2022 12:34:42 GMT	scifi	2017	8.7			Еще одни пацаны с района, ДиКаприо, ВдВешник и другие	МакГрегор	170	6				
Джентельмен	вввввввввввввввввввввввв	Wed, 14 Sep 2022 12:34:42 GMT	crime	2016	10			Пацаны с района, 3 паучка, Еще одни пацаны с района, ДиКаприо, ВдВешник и другие	Архитектор	210	5				
Время первых	аааааааааааааааааааыыу	Mon, 19 Sep 2022 12:34:42 GMT	scifi	2019	8.7			ДиКаприо, ВдВешник и другие	Джони Кардано	170	6				
Джентельмен	вввввввввввввввввввввввв	Sat, 17 Sep 2022 12:34:42 GMT	crime	2019	8.7			Еще одни пацаны с района, ДиКаприо	МакГрегор	180	6				
Начало	Ахвлзпывальылвлхэвл	Sat, 17 Sep 2022 12:34:42 GMT	crime	2018	8.7			Еще одни пацаны с района, ДиКаприо, ВдВешник и другие	МакГрегор	170	6				
Начало	вавызалывзазыщвоазщоывазщоывоаывз	Wed, 14 Sep 2022 12:34:42 GMT	drama	2016	8.7			ДиКаприо, ВдВешник и другие	Джони Кардано	90	6				
Человек-паук	вввввввввввввввввввввввв	Sun, 18 Sep 2022 12:34:42 GMT	drama	2018	8.7			Пацаны с района, 3 паучка, Еще одни пацаны с района	Джони Кардано	170	7				
Джентельмен	аааааааааааааааааааыыу	Thu, 15 Sep 2022 12:34:42 GMT	drama	2016	9			3 паучка, Еще одни пацаны с района, ДиКаприо, ВдВешник и другие	Гай Ричи	170	6				
День Д	аааааааааааааааааааыыу	Thu, 15 Sep 2022 12:34:42 GMT	documentary	2017	9			ДиКаприо, ВдВешник и другие	Джони Кардано	210	5				
Джентельмен	вавызалывзазыщвоазщоывазщоывоаывз	Sun, 18 Sep 2022 12:34:42 GMT	crime	2019	10			3 паучка	Архитектор	210	6				
Человек-паук	аааааааааааааааааааыыу	Sun, 18 Sep 2022 12:34:42 GMT	crime	2016	8.7			Еще одни пацаны с района, ДиКаприо, ВдВешник и другие	МакГрегор	180	5				
Человек-паук	аааааааааааааааааааыыу	Sun, 18 Sep 2022 12:34:42 GMT	documentary	2016	9			Еще одни пацаны с района, ДиКаприо, ВдВешник и другие	Гай Ричи	210	5				
Джентельмен	аааааааааааааааааааыыу	Thu, 15 Sep 2022 12:34:42 GMT	drama	2019	10			3 паучка, Еще одни пацаны с района, ДиКаприо, ВдВешник и другие	Архитектор	180	8				
Человек-паук	уаывавыаывасмапипрр	Mon, 19 Sep 2022 12:34:42 GMT	family	2020	10			3 паучка	МакГрегор	210	4				
Начало	вавызалывзазыщвоазщоывазщоывоаывз	Wed, 14 Sep 2022 12:34:42 GMT	drama	2019	8.7			ДиКаприо, ВдВешник и другие	Гай Ричи	90	8				
День Д	вввввввввввввввввввввввв	Thu, 15 Sep 2022 12:34:42 GMT	crime	2018	10			Пацаны с района, 3 паучка, Еще одни пацаны с района	Архитектор	180	6				
Джентельмен	уаывавыаывасмапипрр	Sun, 18 Sep 2022 12:34:42 GMT	scifi	2020	10			ДиКаприо, ВдВешник и другие	Архитектор	190	4				
Джентельмен	вввввввввввввввввввввввв	Mon, 19 Sep 2022 12:34:42 GMT	crime	2018	10			Пацаны с района, 3 паучка, Еще одни пацаны с района, ДиКаприо	МакГрегор	180	5				
Время первых	вввввввввввввввввввввввв	Fri, 16 Sep 2022 12:34:42 GMT	family	2017	9			3 паучка, Еще одни пацаны с района, ДиКаприо, ВдВешник и другие	Гай Ричи	210	8				
Время первых	Ахвлзпывальылвлхэвл	Sun, 18 Sep 2022 12:34:42 GMT	crime	2019	10			3 паучка, Еще одни пацаны с района, ДиКаприо	Гай Ричи	190	5				
Человек-паук	вавызалывзазыщвоазщоывазщоывоаывз	Sun, 18 Sep 2022 12:34:42 GMT	scifi	2018	10			3 паучка, Еще одни пацаны с района	Гай Ричи	190	6				
Человек-паук	аааааааааааааааааааыыу	Sun, 18 Sep 2022 12:34:42 GMT	crime	2018	10			ДиКаприо, ВдВешник и другие	МакГрегор	190	4				
Человек-паук	вавызалывзазыщвоазщоывазщоывоаывз	Sat, 17 Sep 2022 12:34:42 GMT	scifi	2018	10			ДиКаприо, ВдВешник и другие	Архитектор	180	5				
Начало	вавызалывзазыщвоазщоывазщоывоаывз	Thu, 15 Sep 2022 12:34:42 GMT	drama	2018	8.7			3 паучка, Еще одни пацаны с района, ДиКаприо	Джони Кардано	170	8				
День Д	вавызалывзазыщвоазщоывазщоывоаывз	Wed, 14 Sep 2022 12:34:42 GMT	family	2018	8.7			Еще одни пацаны с района, ДиКаприо, ВдВешник и другие	Гай Ричи	180	7				
Время первых	вавызалывзазыщвоазщоывазщоывоаывз	Tue, 13 Sep 2022 12:34:42 GMT	family	2018	10			ВдВешник и другие	Архитектор	180	6				
Джентельмен	Ахвлзпывальылвлхэвл	Fri, 16 Sep 2022 12:34:42 GMT	documentary	2019	10			ВдВешник и другие	МакГрегор	90	6				
День Д	Ахвлзпывальылвлхэвл	Tue, 13 Sep 2022 12:34:42 GMT	scifi	2016	8			3 паучка, Еще одни пацаны с района, ДиКаприо, ВдВешник и другие	Какой то русский	190	7				
Джентельмен	Ахвлзпывальылвлхэвл	Thu, 15 Sep 2022 12:34:42 GMT	scifi	2019	8.7			ДиКаприо, ВдВешник и другие	Джони Кардано	210	6				
День Д	вавызалывзазыщвоазщоывазщоывоаывз	Sun, 18 Sep 2022 12:34:42 GMT	crime	2017	10			Еще одни пацаны с района, ДиКаприо, ВдВешник и другие	Джони Кардано	210	5				
Джентельмен	вавызалывзазыщвоазщоывазщоывоаывз	Mon, 19 Sep 2022 12:34:42 GMT	crime	2017	8.7			Еще одни пацаны с района, ДиКаприо	МакГрегор	180	6				
День Д	вввввввввввввввввввввввв	Sat, 17 Sep 2022 12:34:42 GMT	family	2019	10			Еще одни пацаны с района, ДиКаприо	Архитектор	170	8				
Человек-паук	вавызалывзазыщвоазщоывазщоывоаывз	Mon, 19 Sep 2022 12:34:42 GMT	documentary	2018	10			Еще одни пацаны с района, ДиКаприо, ВдВешник и другие	МакГрегор	190	7				
Начало	уаывавыаывасмапипрр	Tue, 13 Sep 2022 12:34:42 GMT	family	2018	8.7			3 паучка	Архитектор	170	6				
День Д	аааааааааааааааааааыыу	Wed, 14 Sep 2022 12:34:42 GMT	crime	2019	10				Архитектор	210	8				
Человек-паук	уаывавыаывасмапипрр	Fri, 16 Sep 2022 12:34:42 GMT	family	2017	10			ДиКаприо, ВдВешник и другие	Гай Ричи	210	7				
Начало	аааааааааааааааааааыыу	Sat, 17 Sep 2022 12:34:42 GMT	drama	2016	10			Еще одни пацаны с района, ДиКаприо, ВдВешник и другие	Джони Кардано	90	8				
Человек-паук	Ахвлзпывальылвлхэвл	Wed, 14 Sep 2022 12:34:42 GMT	crime	2018	10			Пацаны с района	Гай Ричи	180	6				
Человек-паук	вввввввввввввввввввввввв	Wed, 14 Sep 2022 12:34:42 GMT	family	2020	8.7			ДиКаприо, ВдВешник и другие	Гай Ричи	210	7				
Джентельмен	аааааааааааааааааааыыу	Sat, 17 Sep 2022 12:34:42 GMT	scifi	2017	10			Еще одни пацаны с района, ДиКаприо, ВдВешник и другие	Архитектор	90	5				
Начало	аааааааааааааааааааыыу	Sat, 17 Sep 2022 12:34:42 GMT	scifi	2020	10			3 паучка, Еще одни пацаны с района, ДиКаприо	Архитектор	190	6				
Человек-паук	аааааааааааааааааааыыу	Fri, 16 Sep 2022 12:34:42 GMT	scifi	2017	10			3 паучка, Еще одни пацаны с района, ДиКаприо	Какой то русский	170	7				
День Д	вавызалывзазыщвоазщоывазщоывоаывз	Fri, 16 Sep 2022 12:34:42 GMT	family	2019	10			3 паучка, Еще одни пацаны с района, ДиКаприо, ВдВешник и другие	Архитектор	180	8				
День Д	аааааааааааааааааааыыу	Sun, 18 Sep 2022 12:34:42 GMT	crime	2018	10			ВдВешник и другие	Архитектор	190	5				
День Д	вввввввввввввввввввввввв	Tue, 13 Sep 2022 12:34:42 GMT	scifi	2019	8.7			Пацаны с района, 3 паучка	Джони Кардано	90	7				
День Д	вввввввввввввввввввввввв	Fri, 16 Sep 2022 12:34:42 GMT	family	2018	8.7			ДиКаприо, ВдВешник и другие	Архитектор	190	8				
Время первых	вввввввввввввввввввввввв	Sun, 18 Sep 2022 12:34:42 GMT	crime	2016	8.7			Еще одни пацаны с района, ДиКаприо, ВдВешник и другие	Архитектор	180	7				
Время первых	Ахвлзпывальылвлхэвл	Wed, 14 Sep 2022 12:34:42 GMT	scifi	2019	9			ДиКаприо, ВдВешник и другие	Какой то русский	170	4				
Джентельмен	вавызалывзазыщвоазщоывазщоывоаывз	Sun, 18 Sep 2022 12:34:42 GMT	family	2018	8			Еще одни пацаны с района, ДиКаприо, ВдВешник и другие	Архитектор	180	6				
Джентельмен	Ахвлзпывальылвлхэвл	Tue, 13 Sep 2022 12:34:42 GMT	drama	2018	9			ДиКаприо, ВдВешник и другие	Архитектор	190	7				
Джентельмен	вввввввввввввввввввввввв	Thu, 15 Sep 2022 12:34:42 GMT	drama	2017	10			Еще одни пацаны с района, ДиКаприо, ВдВешник и другие	МакГрегор	210	7				
Человек-паук	Ахвлзпывальылвлхэвл	Fri, 16 Sep 2022 12:34:42 GMT	scifi	2019	8			Еще одни пацаны с района, ДиКаприо, ВдВешник и другие	Гай Ричи	170	6				
Человек-паук	вввввввввввввввввввввввв	Fri, 16 Sep 2022 12:34:42 GMT	documentary	2016	10			ДиКаприо, ВдВешник и другие	Архитектор	210	7				
Джентельмен	вввввввввввввввввввввввв	Sun, 18 Sep 2022 12:34:42 GMT	scifi	2019	10			Еще одни пацаны с района, ДиКаприо, ВдВешник и другие	Гай Ричи	170	6				
Начало	Ахвлзпывальылвлхэвл	Thu, 15 Sep 2022 12:34:42 GMT	scifi	2016	10			ВдВешник и другие	Какой то русский	210	7				
Время первых	вввввввввввввввввввввввв	Sat, 17 Sep 2022 12:34:42 GMT	crime	2019	8.7			ДиКаприо, ВдВешник и другие	Какой то русский	210	4				
Время первых	аааааааааааааааааааыыу	Sat, 17 Sep 2022 12:34:42 GMT	scifi	2016	10			ВдВешник и другие	Гай Ричи	170	6				
Начало	вввввввввввввввввввввввв	Wed, 14 Sep 2022 12:34:42 GMT	crime	2018	8			ДиКаприо, ВдВешник и другие	МакГрегор	90	7				
Начало	аааааааааааааааааааыыу	Sun, 18 Sep 2022 12:34:42 GMT	family	2018	9			Еще одни пацаны с района, ДиКаприо, ВдВешник и другие	Гай Ричи	210	7				
Джентельмен	вавызалывзазыщвоазщоывазщоывоаывз	Sun, 18 Sep 2022 12:34:42 GMT	crime	2020	10			Еще одни пацаны с района, ДиКаприо	Архитектор	180	4				
День Д	вавызалывзазыщвоазщоывазщоывоаывз	Wed, 14 Sep 2022 12:34:42 GMT	scifi	2019	10			Еще одни пацаны с района, ДиКаприо, ВдВешник и другие	Какой то русский	210	4				
Время первых	уаывавыаывасмапипрр	Fri, 16 Sep 2022 12:34:42 GMT	scifi	2017	10			3 паучка, Еще одни пацаны с района	Какой то русский	170	7				
Человек-паук	аааааааааааааааааааыыу	Thu, 15 Sep 2022 12:34:42 GMT	crime	2017	10			3 паучка, Еще одни пацаны с района, ДиКаприо, ВдВешник и другие	Гай Ричи	170	8				
Начало	аааааааааааааааааааыыу	Fri, 16 Sep 2022 12:34:42 GMT	scifi	2019	10			Еще одни пацаны с района, ДиКаприо, ВдВешник и другие	Архитектор	180	6				
Джентельмен	Ахвлзпывальылвлхэвл	Sat, 17 Sep 2022 12:34:42 GMT	family	2020	10			3 паучка	Гай Ричи	180	6				
Начало	аааааааааааааааааааыыу	Fri, 16 Sep 2022 12:34:42 GMT	crime	2019	10			ВдВешник и другие	Гай Ричи	210	6				
Начало	вавызалывзазыщвоазщоывазщоывоаывз	Fri, 16 Sep 2022 12:34:42 GMT	scifi	2019	10			Пацаны с района, 3 паучка	МакГрегор	170	5				
Джентельмен	аааааааааааааааааааыыу	Thu, 15 Sep 2022 12:34:42 GMT	drama	2016	10			3 паучка, Еще одни пацаны с района, ДиКаприо, ВдВешник и другие	Какой то русский	190	6				
Джентельмен	аааааааааааааааааааыыу	Sun, 18 Sep 2022 12:34:42 GMT	drama	2017	10			3 паучка, Еще одни пацаны с района	МакГрегор	170	5				
Человек-паук	вввввввввввввввввввввввв	Mon, 19 Sep 2022 12:34:42 GMT	drama	2017	8.7			Еще одни пацаны с района, ДиКаприо, ВдВешник и другие	Гай Ричи	170	8				
Начало	аааааааааааааааааааыыу	Fri, 16 Sep 2022 12:34:42 GMT	drama	2018	10			3 паучка, Еще одни пацаны с района, ДиКаприо	Гай Ричи	210	5				
Начало	вввввввввввввввввввввввв	Sun, 18 Sep 2022 12:34:42 GMT	scifi	2017	10			ВдВешник и другие	МакГрегор	170	5				
Время первых	вавызалывзазыщвоазщоывазщоывоаывз	Sun, 18 Sep 2022 12:34:42 GMT	documentary	2017	10			Еще одни пацаны с района, ДиКаприо, ВдВешник и другие	МакГрегор	210	8				
Джентельмен	Ахвлзпывальылвлхэвл	Wed, 14 Sep 2022 12:34:42 GMT	drama	2020	8.7			ВдВешник и другие	Какой то русский	190	8				
Джентельмен	вавызалывзазыщвоазщоывазщоывоаывз	Wed, 14 Sep 2022 12:34:42 GMT	drama	2017	10			ВдВешник и другие	Джони Кардано	90	5				
Человек-паук	аааааааааааааааааааыыу	Wed, 14 Sep 2022 12:34:42 GMT	drama	2017	10			3 паучка, Еще одни пацаны с района, ДиКаприо	Какой то русский	90	4				
Начало	вввввввввввввввввввввввв	Fri, 16 Sep 2022 12:34:42 GMT	drama	2020	10			3 паучка, Еще одни пацаны с района, ДиКаприо, ВдВешник и другие	Джони Кардано	180	4				
Время первых	вввввввввввввввввввввввв	Thu, 15 Sep 2022 12:34:42 GMT	crime	2016	9			3 паучка, Еще одни пацаны с района	Архитектор	210	6				
Джентельмен	вввввввввввввввввввввввв	Mon, 19 Sep 2022 12:34:42 GMT	drama	2018	10			Пацаны с района	МакГрегор	180	5				
Человек-паук	Ахвлзпывальылвлхэвл	Sun, 18 Sep 2022 12:34:42 GMT	scifi	2018	9			Еще одни пацаны с района, ДиКаприо, ВдВешник и другие	Гай Ричи	190	7				
Джентельмен	аааааааааааааааааааыыу	Thu, 15 Sep 2022 12:34:42 GMT	documentary	2017	8			Еще одни пацаны с района, ДиКаприо, ВдВешник и другие	Гай Ричи	210	6				
Время первых	вввввввввввввввввввввввв	Thu, 15 Sep 2022 12:34:42 GMT	crime	2020	8			3 паучка, Еще одни пацаны с района	Гай Ричи	180	5				
Время первых	вввввввввввввввввввввввв	Sat, 17 Sep 2022 12:34:42 GMT	drama	2018	8.7			Пацаны с района, 3 паучка	Архитектор	180	6				
Начало	вавызалывзазыщвоазщоывазщоывоаывз	Sat, 17 Sep 2022 12:34:42 GMT	crime	2019	8			Пацаны с района	Архитектор	180	7				
Джентельмен	вввввввввввввввввввввввв	Sat, 17 Sep 2022 12:34:42 GMT	scifi	2017	10			Пацаны с района	Гай Ричи	180	7				
Человек-паук	уаывавыаывасмапипрр	Sat, 17 Sep 2022 12:34:42 GMT	crime	2018	10			3 паучка, Еще одни пацаны с района, ДиКаприо	Джони Кардано	190	5				
Человек-паук	вавызалывзазыщвоазщоывазщоывоаывз	Fri, 16 Sep 2022 12:34:42 GMT	family	2018	10			3 паучка	МакГрегор	180	7				
Джентельмен	вввввввввввввввввввввввв	Sun, 18 Sep 2022 12:34:42 GMT	drama	2017	10			3 паучка	Архитектор	210	5				
День Д	аааааааааааааааааааыыу	Sat, 17 Sep 2022 12:34:42 GMT	crime	2017	8.7			3 паучка, Еще одни пацаны с района, ДиКаприо, ВдВешник и другие	Архитектор	180	5				
Время первых	аааааааааааааааааааыыу	Mon, 19 Sep 2022 12:34:42 GMT	scifi	2016	10			3 паучка, Еще одни пацаны с района, ДиКаприо	Какой то русский	180	5				
Джентельмен	аааааааааааааааааааыыу	Sat, 17 Sep 2022 12:34:42 GMT	documentary	2020	10			3 паучка, Еще одни пацаны с района, ДиКаприо	Архитектор	180	5				
Начало	Ахвлзпывальылвлхэвл	Fri, 16 Sep 2022 12:34:42 GMT	crime	2019	8.7			Еще одни пацаны с района, ДиКаприо, ВдВешник и другие	МакГрегор	210	4				
Человек-паук	Ахвлзпывальылвлхэвл	Thu, 15 Sep 2022 12:34:42 GMT	crime	2020	10			Еще одни пацаны с района, ДиКаприо	Джони Кардано	90	4				
Джентельмен	вввввввввввввввввввввввв	Wed, 14 Sep 2022 12:34:42 GMT	scifi	2016	8			Еще одни пацаны с района, ДиКаприо, ВдВешник и другие	Гай Ричи	180	5				
Человек-паук	вавызалывзазыщвоазщоывазщоывоаывз	Fri, 16 Sep 2022 12:34:42 GMT	crime	2020	10			Еще одни пацаны с района, ДиКаприо, ВдВешник и другие	Архитектор	170	7				
Джентельмен	уаывавыаывасмапипрр	Thu, 15 Sep 2022 12:34:42 GMT	crime	2018	8			Пацаны с района	Гай Ричи	170	7				
Джентельмен	уаывавыаывасмапипрр	Fri, 16 Sep 2022 12:34:42 GMT	crime	2019	8.7			3 паучка, Еще одни пацаны с района, ДиКаприо, ВдВешник и другие	Архитектор	190	5				
Человек-паук	уаывавыаывасмапипрр	Wed, 14 Sep 2022 12:34:42 GMT	scifi	2019	8.7			ДиКаприо, ВдВешник и другие	Архитектор	180	5				
День Д	вавызалывзазыщвоазщоывазщоывоаывз	Sun, 18 Sep 2022 12:34:42 GMT	documentary	2017	10			Еще одни пацаны с района, ДиКаприо, ВдВешник и другие	Архитектор	190	5				
Начало	аааааааааааааааааааыыу	Fri, 16 Sep 2022 12:34:42 GMT	scifi	2019	10			Еще одни пацаны с района, ДиКаприо	Архитектор	180	7				
Человек-паук	вввввввввввввввввввввввв	Sun, 18 Sep 2022 12:34:42 GMT	scifi	2019	8			Еще одни пацаны с района, ДиКаприо, ВдВешник и другие	Джони Кардано	190	7				
Начало	вввввввввввввввввввввввв	Sat, 17 Sep 2022 12:34:42 GMT	family	2019	8.7			Еще одни пацаны с района, ДиКаприо, ВдВешник и другие	Архитектор	180	7				
Начало	аааааааааааааааааааыыу	Sat, 17 Sep 2022 12:34:42 GMT	crime	2019	9			ДиКаприо, ВдВешник и другие	Какой то русский	170	6				
Джентельмен	уаывавыаывасмапипрр	Thu, 15 Sep 2022 12:34:42 GMT	crime	2018	8.7			ДиКаприо, ВдВешник и другие	Архитектор	170	7				
Время первых	вввввввввввввввввввввввв	Fri, 16 Sep 2022 12:34:42 GMT	documentary	2019	10			ДиКаприо, ВдВешник и другие	Какой то русский	180	4				
Начало	вввввввввввввввввввввввв	Thu, 15 Sep 2022 12:34:42 GMT	drama	2016	9			3 паучка	Какой то русский	170	8				
Джентельмен	аааааааааааааааааааыыу	Sun, 18 Sep 2022 12:34:42 GMT	crime	2019	8.7			ВдВешник и другие	Джони Кардано	90	8				
Джентельмен	аааааааааааааааааааыыу	Thu, 15 Sep 2022 12:34:42 GMT	drama	2019	8.7			3 паучка, Еще одни пацаны с района, ДиКаприо, ВдВешник и другие	Архитектор	210	6				
Человек-паук	вввввввввввввввввввввввв	Sun, 18 Sep 2022 12:34:42 GMT	drama	2019	8.7			Пацаны с района, 3 паучка, Еще одни пацаны с района	МакГрегор	180	4				
Начало	вавызалывзазыщвоазщоывазщоывоаывз	Tue, 13 Sep 2022 12:34:42 GMT	crime	2017	10			ДиКаприо, ВдВешник и другие	Гай Ричи	210	5				
Начало	аааааааааааааааааааыыу	Mon, 19 Sep 2022 12:34:42 GMT	scifi	2019	10			ДиКаприо, ВдВешник и другие	МакГрегор	170	4				
Человек-паук	аааааааааааааааааааыыу	Sun, 18 Sep 2022 12:34:42 GMT	crime	2020	9			Еще одни пацаны с района, ДиКаприо, ВдВешник и другие	МакГрегор	210	7				
Джентельмен	вавызалывзазыщвоазщоывазщоывоаывз	Sun, 18 Sep 2022 12:34:42 GMT	crime	2020	10			3 паучка, Еще одни пацаны с района	Архитектор	90	7				
Начало	аааааааааааааааааааыыу	Fri, 16 Sep 2022 12:34:42 GMT	crime	2019	10			Пацаны с района	Гай Ричи	180	7				
Человек-паук	аааааааааааааааааааыыу	Sun, 18 Sep 2022 12:34:42 GMT	scifi	2017	10			Еще одни пацаны с района, ДиКаприо	Гай Ричи	180	5				
Джентельмен	уаывавыаывасмапипрр	Sun, 18 Sep 2022 12:34:42 GMT	drama	2018	8			Еще одни пацаны с района, ДиКаприо	Какой то русский	180	6				
Время первых	вавызалывзазыщвоазщоывазщоывоаывз	Mon, 19 Sep 2022 12:34:42 GMT	crime	2017	8.7			ДиКаприо, ВдВешник и другие	Какой то русский	190	5				
Джентельмен	аааааааааааааааааааыыу	Tue, 13 Sep 2022 12:34:42 GMT	documentary	2018	8			3 паучка, Еще одни пацаны с района, ДиКаприо	Какой то русский	170	7				
Джентельмен	Ахвлзпывальылвлхэвл	Thu, 15 Sep 2022 12:34:42 GMT	family	2018	10			ДиКаприо, ВдВешник и другие	Гай Ричи	90	5				
Джентельмен	Ахвлзпывальылвлхэвл	Tue, 13 Sep 2022 12:34:42 GMT	documentary	2017	10			ДиКаприо, ВдВешник и другие	Гай Ричи	170	6				
Начало	вввввввввввввввввввввввв	Thu, 15 Sep 2022 12:34:42 GMT	crime	2019	10			Еще одни пацаны с района, ДиКаприо, ВдВешник и другие	Архитектор	170	5				
Начало	вввввввввввввввввввввввв	Sun, 18 Sep 2022 12:34:42 GMT	drama	2019	8.7			ВдВешник и другие	Гай Ричи	210	6				
Человек-паук	аааааааааааааааааааыыу	Wed, 14 Sep 2022 12:34:42 GMT	scifi	2019	10			3 паучка, Еще одни пацаны с района	Архитектор	180	7				
Джентельмен	аааааааааааааааааааыыу	Wed, 14 Sep 2022 12:34:42 GMT	crime	2019	8.7			3 паучка, Еще одни пацаны с района, ДиКаприо, ВдВешник и другие	МакГрегор	210	8				
Начало	вввввввввввввввввввввввв	Wed, 14 Sep 2022 12:34:42 GMT	drama	2018	10			ДиКаприо, ВдВешник и другие	Гай Ричи	190	5				
Человек-паук	вввввввввввввввввввввввв	Wed, 14 Sep 2022 12:34:42 GMT	family	2016	10			ДиКаприо, ВдВешник и другие	Какой то русский	210	4				
Джентельмен	уаывавыаывасмапипрр	Sun, 18 Sep 2022 12:34:42 GMT	crime	2018	9			ДиКаприо, ВдВешник и другие	Архитектор	190	6				
Начало	уаывавыаывасмапипрр	Sat, 17 Sep 2022 12:34:42 GMT	scifi	2017	10			ВдВешник и другие	Архитектор	210	6				
Джентельмен	аааааааааааааааааааыыу	Tue, 13 Sep 2022 12:34:42 GMT	drama	2016	10			ДиКаприо, ВдВешник и другие	Гай Ричи	190	5				
Начало	аааааааааааааааааааыыу	Thu, 15 Sep 2022 12:34:42 GMT	family	2017	10			ДиКаприо, ВдВешник и другие	Какой то русский	180	5				
Начало	вавызалывзазыщвоазщоывазщоывоаывз	Sat, 17 Sep 2022 12:34:42 GMT	crime	2017	8			ДиКаприо, ВдВешник и другие	МакГрегор	180	5				
День Д	вввввввввввввввввввввввв	Mon, 19 Sep 2022 12:34:42 GMT	family	2016	8.7			Еще одни пацаны с района, ДиКаприо, ВдВешник и другие	МакГрегор	180	5				
День Д	Ахвлзпывальылвлхэвл	Wed, 14 Sep 2022 12:34:42 GMT	crime	2018	8.7			3 паучка, Еще одни пацаны с района, ДиКаприо, ВдВешник и другие	МакГрегор	170	6				
Начало	аааааааааааааааааааыыу	Sat, 17 Sep 2022 12:34:42 GMT	scifi	2017	8			3 паучка, Еще одни пацаны с района	МакГрегор	170	6				
Джентельмен	уаывавыаывасмапипрр	Sat, 17 Sep 2022 12:34:42 GMT	family	2017	10			Еще одни пацаны с района, ДиКаприо, ВдВешник и другие	Архитектор	180	8				
Начало	вввввввввввввввввввввввв	Wed, 14 Sep 2022 12:34:42 GMT	documentary	2018	8.7			ДиКаприо, ВдВешник и другие	Гай Ричи	210	6				
Джентельмен	вввввввввввввввввввввввв	Sat, 17 Sep 2022 12:34:42 GMT	documentary	2016	8.7			Еще одни пацаны с района, ДиКаприо, ВдВешник и другие	Архитектор	210	5				
Начало	вввввввввввввввввввввввв	Mon, 19 Sep 2022 12:34:42 GMT	scifi	2016	10			3 паучка, Еще одни пацаны с района	Гай Ричи	170	6				
Начало	аааааааааааааааааааыыу	Thu, 15 Sep 2022 12:34:42 GMT	crime	2020	8			ДиКаприо, ВдВешник и другие	МакГрегор	180	5				
Начало	аааааааааааааааааааыыу	Sun, 18 Sep 2022 12:34:42 GMT	crime	2018	8.7			3 паучка, Еще одни пацаны с района, ДиКаприо, ВдВешник и другие	Архитектор	180	6				
Джентельмен	Ахвлзпывальылвлхэвл	Mon, 19 Sep 2022 12:34:42 GMT	scifi	2018	10			Еще одни пацаны с района, ДиКаприо, ВдВешник и другие	Гай Ричи	180	5				
Джентельмен	вввввввввввввввввввввввв	Mon, 19 Sep 2022 12:34:42 GMT	drama	2020	8			3 паучка, Еще одни пацаны с района, ДиКаприо	Гай Ричи	180	6				
Человек-паук	вавызалывзазыщвоазщоывазщоывоаывз	Sun, 18 Sep 2022 12:34:42 GMT	family	2020	10			Пацаны с района, 3 паучка, Еще одни пацаны с района	Джони Кардано	210	5				
Время первых	аааааааааааааааааааыыу	Mon, 19 Sep 2022 12:34:42 GMT	drama	2017	10			Еще одни пацаны с района, ДиКаприо, ВдВешник и другие	Архитектор	180	6				
Время первых	вввввввввввввввввввввввв	Fri, 16 Sep 2022 12:34:42 GMT	drama	2020	10			3 паучка, Еще одни пацаны с района, ДиКаприо, ВдВешник и другие	МакГрегор	190	7				
Время первых	вавызалывзазыщвоазщоывазщоывоаывз	Sun, 18 Sep 2022 12:34:42 GMT	documentary	2020	8.7			Пацаны с района, 3 паучка, Еще одни пацаны с района, ДиКаприо, ВдВешник и другие	Архитектор	90	5				
Человек-паук	вввввввввввввввввввввввв	Wed, 14 Sep 2022 12:34:42 GMT	family	2016	8.7			ДиКаприо, ВдВешник и другие	Архитектор	210	4				
Время первых	вввввввввввввввввввввввв	Sat, 17 Sep 2022 12:34:42 GMT	scifi	2019	10			Еще одни пацаны с района, ДиКаприо, ВдВешник и другие	МакГрегор	180	6				
Начало	вавызалывзазыщвоазщоывазщоывоаывз	Wed, 14 Sep 2022 12:34:42 GMT	scifi	2019	8			ДиКаприо, ВдВешник и другие	Гай Ричи	190	6				
День Д	вввввввввввввввввввввввв	Thu, 15 Sep 2022 12:34:42 GMT	drama	2019	10			Пацаны с района, 3 паучка, Еще одни пацаны с района, ДиКаприо, ВдВешник и другие	Джони Кардано	180	5				
Человек-паук	вавызалывзазыщвоазщоывазщоывоаывз	Tue, 13 Sep 2022 12:34:42 GMT	family	2017	10			3 паучка, Еще одни пацаны с района	Гай Ричи	170	5				
День Д	вввввввввввввввввввввввв	Fri, 16 Sep 2022 12:34:42 GMT	drama	2018	8.7			Пацаны с района, 3 паучка, Еще одни пацаны с района	Гай Ричи	170	6				
День Д	вавызалывзазыщвоазщоывазщоывоаывз	Fri, 16 Sep 2022 12:34:42 GMT	crime	2016	10			Еще одни пацаны с района, ДиКаприо, ВдВешник и другие	Архитектор	90	7				
День Д	аааааааааааааааааааыыу	Thu, 15 Sep 2022 12:34:42 GMT	documentary	2017	10			ДиКаприо, ВдВешник и другие	Архитектор	180	7				
Начало	вавызалывзазыщвоазщоывазщоывоаывз	Tue, 13 Sep 2022 12:34:42 GMT	crime	2017	10			3 паучка, Еще одни пацаны с района, ДиКаприо	Гай Ричи	210	7				
Начало	вввввввввввввввввввввввв	Fri, 16 Sep 2022 12:34:42 GMT	drama	2020	10			3 паучка, Еще одни пацаны с района, ДиКаприо	МакГрегор	90	8				
Начало	вавызалывзазыщвоазщоывазщоывоаывз	Tue, 13 Sep 2022 12:34:42 GMT	scifi	2016	8			ВдВешник и другие	Гай Ричи	90	5				
Начало	вавызалывзазыщвоазщоывазщоывоаывз	Sat, 17 Sep 2022 12:34:42 GMT	scifi	2017	8.7			ВдВешник и другие	Гай Ричи	170	5				
Человек-паук	вавызалывзазыщвоазщоывазщоывоаывз	Tue, 13 Sep 2022 12:34:42 GMT	scifi	2018	8			3 паучка, Еще одни пацаны с района, ДиКаприо, ВдВешник и другие	МакГрегор	90	5				
Джентельмен	аааааааааааааааааааыыу	Sun, 18 Sep 2022 12:34:42 GMT	documentary	2020	8.7			Еще одни пацаны с района, ДиКаприо, ВдВешник и другие	Гай Ричи	170	4				
Время первых	вввввввввввввввввввввввв	Sat, 17 Sep 2022 12:34:42 GMT	crime	2020	10			Пацаны с района	Гай Ричи	180	7				
Начало	вавызалывзазыщвоазщоывазщоывоаывз	Fri, 16 Sep 2022 12:34:42 GMT	drama	2019	9			Еще одни пацаны с района, ДиКаприо, ВдВешник и другие	Джони Кардано	190	5				
День Д	вввввввввввввввввввввввв	Fri, 16 Sep 2022 12:34:42 GMT	documentary	2017	10			3 паучка, Еще одни пацаны с района, ДиКаприо, ВдВешник и другие	Архитектор	210	4				
Человек-паук	вавызалывзазыщвоазщоывазщоывоаывз	Thu, 15 Sep 2022 12:34:42 GMT	drama	2019	10			Еще одни пацаны с района, ДиКаприо, ВдВешник и другие	Гай Ричи	210	7				
Время первых	вввввввввввввввввввввввв	Sat, 17 Sep 2022 12:34:42 GMT	crime	2018	8.7			Пацаны с района, 3 паучка, Еще одни пацаны с района, ДиКаприо, ВдВешник и другие	МакГрегор	170	8				
Начало	аааааааааааааааааааыыу	Fri, 16 Sep 2022 12:34:42 GMT	drama	2017	8			3 паучка, Еще одни пацаны с района, ДиКаприо, ВдВешник и другие	Гай Ричи	170	5				
Время первых	вавызалывзазыщвоазщоывазщоывоаывз	Wed, 14 Sep 2022 12:34:42 GMT	crime	2018	10			Еще одни пацаны с района, ДиКаприо, ВдВешник и другие	Джони Кардано	180	5				
Человек-паук	вавызалывзазыщвоазщоывазщоывоаывз	Fri, 16 Sep 2022 12:34:42 GMT	family	2016	8.7			Пацаны с района, 3 паучка, Еще одни пацаны с района, ДиКаприо	Джони Кардано	180	6				
День Д	вавызалывзазыщвоазщоывазщоывоаывз	Sat, 17 Sep 2022 12:34:42 GMT	scifi	2018	8			Пацаны с района, 3 паучка, Еще одни пацаны с района, ДиКаприо	МакГрегор	170	7				
Джентельмен	уаывавыаывасмапипрр	Sat, 17 Sep 2022 12:34:42 GMT	drama	2018	9			ДиКаприо, ВдВешник и другие	МакГрегор	190	7				
Человек-паук	уаывавыаывасмапипрр	Mon, 19 Sep 2022 12:34:42 GMT	drama	2019	8			3 паучка, Еще одни пацаны с района, ДиКаприо	МакГрегор	170	6				
Начало	вавызалывзазыщвоазщоывазщоывоаывз	Wed, 14 Sep 2022 12:34:42 GMT	family	2018	8.7			Еще одни пацаны с района, ДиКаприо, ВдВешник и другие	МакГрегор	90	7				
Джентельмен	вввввввввввввввввввввввв	Wed, 14 Sep 2022 12:34:42 GMT	drama	2018	10			ДиКаприо, ВдВешник и другие	Джони Кардано	180	7				
Время первых	аааааааааааааааааааыыу	Thu, 15 Sep 2022 12:34:42 GMT	drama	2019	10			Еще одни пацаны с района, ДиКаприо, ВдВешник и другие	Какой то русский	180	6				
Начало	вввввввввввввввввввввввв	Thu, 15 Sep 2022 12:34:42 GMT	family	2018	10			Еще одни пацаны с района, ДиКаприо, ВдВешник и другие	Гай Ричи	170	6				
Начало	Ахвлзпывальылвлхэвл	Fri, 16 Sep 2022 12:34:42 GMT	drama	2018	8			ДиКаприо, ВдВешник и другие	МакГрегор	90	5				
Джентельмен	вавызалывзазыщвоазщоывазщоывоаывз	Mon, 19 Sep 2022 12:34:42 GMT	scifi	2018	8			Еще одни пацаны с района, ДиКаприо	Архитектор	180	7				
Человек-паук	аааааааааааааааааааыыу	Thu, 15 Sep 2022 12:34:42 GMT	scifi	2019	10			Еще одни пацаны с района, ДиКаприо, ВдВешник и другие	Архитектор	90	5				
День Д	аааааааааааааааааааыыу	Thu, 15 Sep 2022 12:34:42 GMT	scifi	2019	8.7			3 паучка, Еще одни пацаны с района, ДиКаприо	Какой то русский	210	8				
Джентельмен	аааааааааааааааааааыыу	Fri, 16 Sep 2022 12:34:42 GMT	crime	2018	9			Еще одни пацаны с района, ДиКаприо, ВдВешник и другие	МакГрегор	210	6				
День Д	уаывавыаывасмапипрр	Thu, 15 Sep 2022 12:34:42 GMT	scifi	2017	10			ДиКаприо, ВдВешник и другие	МакГрегор	170	8				
Джентельмен	вввввввввввввввввввввввв	Sun, 18 Sep 2022 12:34:42 GMT	family	2018	9			3 паучка, Еще одни пацаны с района, ДиКаприо	Джони Кардано	180	6				
Время первых	вввввввввввввввввввввввв	Sat, 17 Sep 2022 12:34:42 GMT	drama	2020	10			Еще одни пацаны с района, ДиКаприо, ВдВешник и другие	Гай Ричи	180	8				
Начало	аааааааааааааааааааыыу	Sat, 17 Sep 2022 12:34:42 GMT	scifi	2019	8.7			3 паучка, Еще одни пацаны с района, ДиКаприо	Архитектор	170	8				
Начало	вавызалывзазыщвоазщоывазщоывоаывз	Tue, 13 Sep 2022 12:34:42 GMT	drama	2018	10			Еще одни пацаны с района, ДиКаприо, ВдВешник и другие	Гай Ричи	170	6				
Время первых	уаывавыаывасмапипрр	Sat, 17 Sep 2022 12:34:42 GMT	scifi	2017	8.7			3 паучка, Еще одни пацаны с района, ДиКаприо, ВдВешник и другие	Джони Кардано	170	4				
Человек-паук	вавызалывзазыщвоазщоывазщоывоаывз	Sat, 17 Sep 2022 12:34:42 GMT	drama	2017	8			ДиКаприо, ВдВешник и другие	МакГрегор	210	7				
Джентельмен	аааааааааааааааааааыыу	Sun, 18 Sep 2022 12:34:42 GMT	drama	2017	8.7			Пацаны с района, 3 паучка	МакГрегор	210	8				
Джентельмен	Ахвлзпывальылвлхэвл	Sat, 17 Sep 2022 12:34:42 GMT	drama	2019	10			ДиКаприо, ВдВешник и другие	Гай Ричи	90	4				
Время первых	вввввввввввввввввввввввв	Sat, 17 Sep 2022 12:34:42 GMT	documentary	2017	8			ДиКаприо, ВдВешник и другие	Гай Ричи	170	5				
Человек-паук	Ахвлзпывальылвлхэвл	Fri, 16 Sep 2022 12:34:42 GMT	scifi	2020	10			3 паучка, Еще одни пацаны с района, ДиКаприо, ВдВешник и другие	Джони Кардано	180	7				
Человек-паук	вавызалывзазыщвоазщоывазщоывоаывз	Sat, 17 Sep 2022 12:34:42 GMT	scifi	2017	8.7			ДиКаприо, ВдВешник и другие	МакГрегор	180	6				
Человек-паук	аааааааааааааааааааыыу	Sun, 18 Sep 2022 12:34:42 GMT	drama	2019	10			Еще одни пацаны с района, ДиКаприо, ВдВешник и другие	Гай Ричи	90	5				
Человек-паук	аааааааааааааааааааыыу	Sun, 18 Sep 2022 12:34:42 GMT	family	2018	10			ВдВешник и другие	Гай Ричи	180	6				
Начало	вавызалывзазыщвоазщоывазщоывоаывз	Sat, 17 Sep 2022 12:34:42 GMT	drama	2017	8			ВдВешник и другие	Архитектор	90	8				
Человек-паук	Ахвлзпывальылвлхэвл	Mon, 19 Sep 2022 12:34:42 GMT	family	2017	10			ДиКаприо, ВдВешник и другие	Архитектор	180	5				
Человек-паук	аааааааааааааааааааыыу	Wed, 14 Sep 2022 12:34:42 GMT	family	2018	8.7			ДиКаприо, ВдВешник и другие	Джони Кардано	180	5				
Джентельмен	Ахвлзпывальылвлхэвл	Tue, 13 Sep 2022 12:34:42 GMT	drama	2016	8.7			Еще одни пацаны с района, ДиКаприо	Архитектор	180	6				
Человек-паук	уаывавыаывасмапипрр	Wed, 14 Sep 2022 12:34:42 GMT	crime	2017	10			3 паучка, Еще одни пацаны с района, ДиКаприо	Джони Кардано	90	6				
Человек-паук	вавызалывзазыщвоазщоывазщоывоаывз	Fri, 16 Sep 2022 12:34:42 GMT	family	2018	10			Еще одни пацаны с района, ДиКаприо, ВдВешник и другие	Какой то русский	170	7				
Человек-паук	вавызалывзазыщвоазщоывазщоывоаывз	Thu, 15 Sep 2022 12:34:42 GMT	drama	2018	9			3 паучка, Еще одни пацаны с района, ДиКаприо, ВдВешник и другие	МакГрегор	170	4				
Человек-паук	вввввввввввввввввввввввв	Wed, 14 Sep 2022 12:34:42 GMT	scifi	2018	10			ВдВешник и другие	Какой то русский	180	6				
Начало	Ахвлзпывальылвлхэвл	Thu, 15 Sep 2022 12:34:42 GMT	crime	2020	10			3 паучка, Еще одни пацаны с района	Архитектор	190	5				
Начало	уаывавыаывасмапипрр	Sun, 18 Sep 2022 12:34:42 GMT	scifi	2018	9			3 паучка, Еще одни пацаны с района, ДиКаприо, ВдВешник и другие	Какой то русский	210	6				
День Д	аааааааааааааааааааыыу	Thu, 15 Sep 2022 12:34:42 GMT	documentary	2019	9			Еще одни пацаны с района, ДиКаприо, ВдВешник и другие	МакГрегор	180	6				
Человек-паук	уаывавыаывасмапипрр	Sat, 17 Sep 2022 12:34:42 GMT	family	2019	10			Еще одни пацаны с района, ДиКаприо, ВдВешник и другие	Гай Ричи	190	5				
Начало	вввввввввввввввввввввввв	Sun, 18 Sep 2022 12:34:42 GMT	drama	2017	8.7			3 паучка, Еще одни пацаны с района, ДиКаприо, ВдВешник и другие	Гай Ричи	190	7				
Джентельмен	уаывавыаывасмапипрр	Wed, 14 Sep 2022 12:34:42 GMT	drama	2019	10			Еще одни пацаны с района, ДиКаприо, ВдВешник и другие	Какой то русский	210	5				
Время первых	вавызалывзазыщвоазщоывазщоывоаывз	Fri, 16 Sep 2022 12:34:42 GMT	family	2018	8			ДиКаприо, ВдВешник и другие	МакГрегор	170	7				
Человек-паук	Ахвлзпывальылвлхэвл	Mon, 19 Sep 2022 12:34:42 GMT	scifi	2019	8			3 паучка, Еще одни пацаны с района	Гай Ричи	210	6				
Джентельмен	уаывавыаывасмапипрр	Sun, 18 Sep 2022 12:34:42 GMT	crime	2018	10			ВдВешник и другие	МакГрегор	190	5				
Джентельмен	аааааааааааааааааааыыу	Fri, 16 Sep 2022 12:34:42 GMT	documentary	2017	8.7			Пацаны с района, 3 паучка, Еще одни пацаны с района, ДиКаприо	Архитектор	180	7				
Начало	вавызалывзазыщвоазщоывазщоывоаывз	Wed, 14 Sep 2022 12:34:42 GMT	scifi	2016	8.7			Пацаны с района, 3 паучка, Еще одни пацаны с района	Архитектор	190	5				
Человек-паук	вввввввввввввввввввввввв	Sat, 17 Sep 2022 12:34:42 GMT	scifi	2017	8			3 паучка, Еще одни пацаны с района, ДиКаприо, ВдВешник и другие	МакГрегор	170	5				
Начало	аааааааааааааааааааыыу	Tue, 13 Sep 2022 12:34:42 GMT	drama	2019	10			ДиКаприо, ВдВешник и другие	Гай Ричи	90	8				
Человек-паук	аааааааааааааааааааыыу	Fri, 16 Sep 2022 12:34:42 GMT	family	2017	10			3 паучка, Еще одни пацаны с района, ДиКаприо, ВдВешник и другие	Гай Ричи	170	4				
Джентельмен	вввввввввввввввввввввввв	Thu, 15 Sep 2022 12:34:42 GMT	family	2018	10			ДиКаприо, ВдВешник и другие	Архитектор	210	7				
Человек-паук	аааааааааааааааааааыыу	Thu, 15 Sep 2022 12:34:42 GMT	crime	2019	10			ДиКаприо, ВдВешник и другие	МакГрегор	170	7				
Джентельмен	Ахвлзпывальылвлхэвл	Tue, 13 Sep 2022 12:34:42 GMT	scifi	2018	9			3 паучка	Гай Ричи	210	6				
Начало	вввввввввввввввввввввввв	Thu, 15 Sep 2022 12:34:42 GMT	scifi	2018	8.7			ВдВешник и другие	Гай Ричи	180	7				
Джентельмен	вввввввввввввввввввввввв	Fri, 16 Sep 2022 12:34:42 GMT	drama	2019	10			3 паучка, Еще одни пацаны с района, ДиКаприо, ВдВешник и другие	Джони Кардано	210	4				
Начало	вввввввввввввввввввввввв	Tue, 13 Sep 2022 12:34:42 GMT	documentary	2018	8			ДиКаприо, ВдВешник и другие	Архитектор	90	5				
Время первых	аааааааааааааааааааыыу	Fri, 16 Sep 2022 12:34:42 GMT	scifi	2020	8.7			ВдВешник и другие	Архитектор	210	4				
Начало	вввввввввввввввввввввввв	Thu, 15 Sep 2022 12:34:42 GMT	crime	2019	10			ДиКаприо, ВдВешник и другие	МакГрегор	190	6				
Человек-паук	вавызалывзазыщвоазщоывазщоывоаывз	Thu, 15 Sep 2022 12:34:42 GMT	drama	2017	8.7			3 паучка, Еще одни пацаны с района, ДиКаприо	МакГрегор	90	7				
Начало	вавызалывзазыщвоазщоывазщоывоаывз	Fri, 16 Sep 2022 12:34:42 GMT	crime	2019	8.7			ВдВешник и другие	Какой то русский	210	7				
Человек-паук	уаывавыаывасмапипрр	Sun, 18 Sep 2022 12:34:42 GMT	family	2016	10			Еще одни пацаны с района, ДиКаприо, ВдВешник и другие	Гай Ричи	180	5				
Джентельмен	Ахвлзпывальылвлхэвл	Tue, 13 Sep 2022 12:34:42 GMT	family	2020	8.7			ДиКаприо, ВдВешник и другие	МакГрегор	180	6				
Время первых	вавызалывзазыщвоазщоывазщоывоаывз	Thu, 15 Sep 2022 12:34:42 GMT	crime	2018	10			Еще одни пацаны с района, ДиКаприо, ВдВешник и другие	Какой то русский	170	5				
Начало	Ахвлзпывальылвлхэвл	Sun, 18 Sep 2022 12:34:42 GMT	family	2017	8			ДиКаприо, ВдВешник и другие	Гай Ричи	180	7				
Человек-паук	уаывавыаывасмапипрр	Thu, 15 Sep 2022 12:34:42 GMT	drama	2018	10			Еще одни пацаны с района, ДиКаприо, ВдВешник и другие	Какой то русский	90	6				
Время первых	вавызалывзазыщвоазщоывазщоывоаывз	Thu, 15 Sep 2022 12:34:42 GMT	family	2018	10			3 паучка, Еще одни пацаны с района	МакГрегор	210	7				
Джентельмен	аааааааааааааааааааыыу	Mon, 19 Sep 2022 12:34:42 GMT	scifi	2017	9			3 паучка	Джони Кардано	210	8				
Начало	Ахвлзпывальылвлхэвл	Fri, 16 Sep 2022 12:34:42 GMT	crime	2016	8.7			3 паучка	МакГрегор	170	6				
Джентельмен	аааааааааааааааааааыыу	Sun, 18 Sep 2022 12:34:42 GMT	scifi	2018	10			ДиКаприо, ВдВешник и другие	Джони Кардано	170	6				
День Д	вввввввввввввввввввввввв	Sun, 18 Sep 2022 12:34:42 GMT	drama	2017	10			ВдВешник и другие	Гай Ричи	210	7				
Джентельмен	аааааааааааааааааааыыу	Sun, 18 Sep 2022 12:34:42 GMT	drama	2020	10			3 паучка, Еще одни пацаны с района	Гай Ричи	170	7				
Время первых	вввввввввввввввввввввввв	Sun, 18 Sep 2022 12:34:42 GMT	scifi	2018	8.7			ДиКаприо, ВдВешник и другие	Архитектор	170	5				
Джентельмен	аааааааааааааааааааыыу	Sun, 18 Sep 2022 12:34:42 GMT	scifi	2018	8.7			3 паучка, Еще одни пацаны с района	Джони Кардано	180	8				
Джентельмен	аааааааааааааааааааыыу	Fri, 16 Sep 2022 12:34:42 GMT	scifi	2020	8			Еще одни пацаны с района, ДиКаприо, ВдВешник и другие	МакГрегор	180	7				
День Д	вввввввввввввввввввввввв	Sun, 18 Sep 2022 12:34:42 GMT	crime	2019	10			3 паучка, Еще одни пацаны с района	Джони Кардано	180	5				
Джентельмен	вввввввввввввввввввввввв	Fri, 16 Sep 2022 12:34:42 GMT	drama	2018	10			ДиКаприо, ВдВешник и другие	МакГрегор	210	4				
Начало	вввввввввввввввввввввввв	Thu, 15 Sep 2022 12:34:42 GMT	scifi	2017	10			Еще одни пацаны с района, ДиКаприо, ВдВешник и другие	Джони Кардано	90	7				
Человек-паук	вввввввввввввввввввввввв	Thu, 15 Sep 2022 12:34:42 GMT	crime	2016	10			Еще одни пацаны с района, ДиКаприо, ВдВешник и другие	Джони Кардано	210	4				
Человек-паук	вавызалывзазыщвоазщоывазщоывоаывз	Sat, 17 Sep 2022 12:34:42 GMT	family	2020	10			ВдВешник и другие	Архитектор	190	6				
Человек-паук	уаывавыаывасмапипрр	Wed, 14 Sep 2022 12:34:42 GMT	scifi	2017	9			Еще одни пацаны с района, ДиКаприо, ВдВешник и другие	МакГрегор	210	6				
Начало	вввввввввввввввввввввввв	Tue, 13 Sep 2022 12:34:42 GMT	crime	2018	8			ДиКаприо, ВдВешник и другие	МакГрегор	170	5				
Время первых	аааааааааааааааааааыыу	Thu, 15 Sep 2022 12:34:42 GMT	crime	2018	8			Пацаны с района, 3 паучка, Еще одни пацаны с района, ДиКаприо	Гай Ричи	190	6				
День Д	уаывавыаывасмапипрр	Thu, 15 Sep 2022 12:34:42 GMT	family	2018	10			ВдВешник и другие	Архитектор	190	7				
Время первых	уаывавыаывасмапипрр	Sun, 18 Sep 2022 12:34:42 GMT	crime	2016	10			ДиКаприо, ВдВешник и другие	МакГрегор	180	7				
Начало	вавызалывзазыщвоазщоывазщоывоаывз	Fri, 16 Sep 2022 12:34:42 GMT	drama	2019	10			ДиКаприо, ВдВешник и другие	Джони Кардано	190	5				
Человек-паук	вввввввввввввввввввввввв	Mon, 19 Sep 2022 12:34:42 GMT	scifi	2018	10			3 паучка, Еще одни пацаны с района	МакГрегор	180	5				
Человек-паук	вввввввввввввввввввввввв	Mon, 19 Sep 2022 12:34:42 GMT	crime	2018	10			ДиКаприо, ВдВешник и другие	Гай Ричи	210	7				
День Д	вввввввввввввввввввввввв	Wed, 14 Sep 2022 12:34:42 GMT	crime	2017	8.7			ДиКаприо, ВдВешник и другие	Джони Кардано	180	6				
Начало	вавызалывзазыщвоазщоывазщоывоаывз	Wed, 14 Sep 2022 12:34:42 GMT	drama	2018	8.7			ДиКаприо, ВдВешник и другие	Архитектор	170	6				
Джентельмен	Ахвлзпывальылвлхэвл	Fri, 16 Sep 2022 12:34:42 GMT	drama	2020	10			ДиКаприо, ВдВешник и другие	МакГрегор	190	7				
День Д	вввввввввввввввввввввввв	Thu, 15 Sep 2022 12:34:42 GMT	scifi	2017	10			3 паучка	МакГрегор	170	6				
День Д	аааааааааааааааааааыыу	Mon, 19 Sep 2022 12:34:42 GMT	drama	2019	10			Еще одни пацаны с района, ДиКаприо, ВдВешник и другие	МакГрегор	90	5				
Джентельмен	вввввввввввввввввввввввв	Wed, 14 Sep 2022 12:34:42 GMT	drama	2020	10			Еще одни пацаны с района, ДиКаприо, ВдВешник и другие	МакГрегор	170	6				
Человек-паук	Ахвлзпывальылвлхэвл	Tue, 13 Sep 2022 12:34:42 GMT	drama	2018	10			ВдВешник и другие	МакГрегор	180	4				
Начало	уаывавыаывасмапипрр	Thu, 15 Sep 2022 12:34:42 GMT	family	2017	10			Пацаны с района, 3 паучка, Еще одни пацаны с района, ДиКаприо	Архитектор	180	6				
Джентельмен	вавызалывзазыщвоазщоывазщоывоаывз	Thu, 15 Sep 2022 12:34:42 GMT	scifi	2019	9			ДиКаприо, ВдВешник и другие	Архитектор	180	7				
День Д	Ахвлзпывальылвлхэвл	Wed, 14 Sep 2022 12:34:42 GMT	crime	2018	9			3 паучка, Еще одни пацаны с района	Гай Ричи	170	7				
Начало	аааааааааааааааааааыыу	Wed, 14 Sep 2022 12:34:42 GMT	crime	2017	8.7			Еще одни пацаны с района, ДиКаприо, ВдВешник и другие	МакГрегор	90	6				
Начало	Ахвлзпывальылвлхэвл	Mon, 19 Sep 2022 12:34:42 GMT	scifi	2020	8.7			Пацаны с района, 3 паучка, Еще одни пацаны с района	Гай Ричи	190	8				
Начало	уаывавыаывасмапипрр	Tue, 13 Sep 2022 12:34:42 GMT	crime	2016	8.7			Еще одни пацаны с района, ДиКаприо, ВдВешник и другие	Какой то русский	90	7				
Время первых	вавызалывзазыщвоазщоывазщоывоаывз	Wed, 14 Sep 2022 12:34:42 GMT	scifi	2017	10			Пацаны с района, 3 паучка, Еще одни пацаны с района, ДиКаприо	Какой то русский	180	7				
Начало	аааааааааааааааааааыыу	Sat, 17 Sep 2022 12:34:42 GMT	drama	2017	10			ВдВешник и другие	Джони Кардано	170	6				
Джентельмен	уаывавыаывасмапипрр	Fri, 16 Sep 2022 12:34:42 GMT	drama	2016	10			3 паучка, Еще одни пацаны с района, ДиКаприо	Какой то русский	90	5				
Начало	вввввввввввввввввввввввв	Fri, 16 Sep 2022 12:34:42 GMT	drama	2018	9			Еще одни пацаны с района, ДиКаприо, ВдВешник и другие	МакГрегор	190	6				
День Д	аааааааааааааааааааыыу	Fri, 16 Sep 2022 12:34:42 GMT	documentary	2019	8.7			Еще одни пацаны с района, ДиКаприо, ВдВешник и другие	МакГрегор	180	6				
Джентельмен	аааааааааааааааааааыыу	Sat, 17 Sep 2022 12:34:42 GMT	documentary	2018	10			ДиКаприо, ВдВешник и другие	Какой то русский	170	4				
Человек-паук	вавызалывзазыщвоазщоывазщоывоаывз	Mon, 19 Sep 2022 12:34:42 GMT	crime	2017	10			Еще одни пацаны с района, ДиКаприо, ВдВешник и другие	Гай Ричи	190	5				
Джентельмен	вввввввввввввввввввввввв	Sun, 18 Sep 2022 12:34:42 GMT	scifi	2019	9			ДиКаприо, ВдВешник и другие	МакГрегор	170	5				
Человек-паук	аааааааааааааааааааыыу	Thu, 15 Sep 2022 12:34:42 GMT	scifi	2017	10			3 паучка, Еще одни пацаны с района, ДиКаприо, ВдВешник и другие	Архитектор	190	8				
Начало	вввввввввввввввввввввввв	Mon, 19 Sep 2022 12:34:42 GMT	drama	2017	10			ДиКаприо, ВдВешник и другие	Архитектор	180	6				
Джентельмен	Ахвлзпывальылвлхэвл	Sat, 17 Sep 2022 12:34:42 GMT	crime	2017	10			3 паучка, Еще одни пацаны с района	МакГрегор	210	6				
Джентельмен	уаывавыаывасмапипрр	Sun, 18 Sep 2022 12:34:42 GMT	crime	2018	10			3 паучка, Еще одни пацаны с района, ДиКаприо	Какой то русский	190	5				
Время первых	аааааааааааааааааааыыу	Thu, 15 Sep 2022 12:34:42 GMT	crime	2018	8.7			3 паучка	Какой то русский	210	5				
День Д	аааааааааааааааааааыыу	Sun, 18 Sep 2022 12:34:42 GMT	scifi	2019	10			Еще одни пацаны с района, ДиКаприо	МакГрегор	210	5				
День Д	вавызалывзазыщвоазщоывазщоывоаывз	Thu, 15 Sep 2022 12:34:42 GMT	scifi	2018	10			ВдВешник и другие	Какой то русский	180	7				
Джентельмен	аааааааааааааааааааыыу	Mon, 19 Sep 2022 12:34:42 GMT	family	2017	9			ДиКаприо, ВдВешник и другие	МакГрегор	210	7				
Джентельмен	уаывавыаывасмапипрр	Sat, 17 Sep 2022 12:34:42 GMT	drama	2017	8.7			3 паучка, Еще одни пацаны с района, ДиКаприо	МакГрегор	180	8				
Человек-паук	вавызалывзазыщвоазщоывазщоывоаывз	Sat, 17 Sep 2022 12:34:42 GMT	scifi	2018	10			ДиКаприо, ВдВешник и другие	Гай Ричи	210	6				
День Д	аааааааааааааааааааыыу	Sat, 17 Sep 2022 12:34:42 GMT	drama	2017	8			ВдВешник и другие	МакГрегор	170	6				
Начало	аааааааааааааааааааыыу	Wed, 14 Sep 2022 12:34:42 GMT	scifi	2018	10			Пацаны с района, 3 паучка, Еще одни пацаны с района, ДиКаприо	Джони Кардано	210	4				
Джентельмен	уаывавыаывасмапипрр	Fri, 16 Sep 2022 12:34:42 GMT	family	2019	9			Пацаны с района, 3 паучка, Еще одни пацаны с района	Архитектор	210	4				
Время первых	уаывавыаывасмапипрр	Sat, 17 Sep 2022 12:34:42 GMT	crime	2017	10			Еще одни пацаны с района, ДиКаприо, ВдВешник и другие	Гай Ричи	170	6				
Начало	вввввввввввввввввввввввв	Sat, 17 Sep 2022 12:34:42 GMT	documentary	2019	8.7			Еще одни пацаны с района, ДиКаприо	Джони Кардано	210	7				
Начало	вввввввввввввввввввввввв	Mon, 19 Sep 2022 12:34:42 GMT	scifi	2016	8			ВдВешник и другие	Архитектор	190	5				
Начало	вавызалывзазыщвоазщоывазщоывоаывз	Sat, 17 Sep 2022 12:34:42 GMT	crime	2018	8.7			ВдВешник и другие	Гай Ричи	90	5				
Человек-паук	вввввввввввввввввввввввв	Wed, 14 Sep 2022 12:34:42 GMT	drama	2019	8.7			ДиКаприо, ВдВешник и другие	МакГрегор	210	5				
Джентельмен	вввввввввввввввввввввввв	Sat, 17 Sep 2022 12:34:42 GMT	scifi	2019	9			Пацаны с района, 3 паучка, Еще одни пацаны с района, ДиКаприо	Какой то русский	180	6				
Джентельмен	аааааааааааааааааааыыу	Sat, 17 Sep 2022 12:34:42 GMT	crime	2019	10			Еще одни пацаны с района, ДиКаприо, ВдВешник и другие	МакГрегор	210	8				
День Д	уаывавыаывасмапипрр	Tue, 13 Sep 2022 12:34:42 GMT	scifi	2017	8			3 паучка	Какой то русский	180	6				
Начало	вввввввввввввввввввввввв	Mon, 19 Sep 2022 12:34:42 GMT	crime	2017	9			ДиКаприо, ВдВешник и другие	Архитектор	210	8				
Джентельмен	уаывавыаывасмапипрр	Thu, 15 Sep 2022 12:34:42 GMT	drama	2018	10			ДиКаприо, ВдВешник и другие	Какой то русский	180	6				
Человек-паук	уаывавыаывасмапипрр	Tue, 13 Sep 2022 12:34:42 GMT	drama	2019	10			3 паучка, Еще одни пацаны с района, ДиКаприо, ВдВешник и другие	Какой то русский	180	6				
Начало	вввввввввввввввввввввввв	Fri, 16 Sep 2022 12:34:42 GMT	family	2018	10			Еще одни пацаны с района, ДиКаприо, ВдВешник и другие	Джони Кардано	180	4				
Человек-паук	вавызалывзазыщвоазщоывазщоывоаывз	Wed, 14 Sep 2022 12:34:42 GMT	crime	2019	8.7			3 паучка, Еще одни пацаны с района, ДиКаприо, ВдВешник и другие	Гай Ричи	210	5				
Время первых	уаывавыаывасмапипрр	Fri, 16 Sep 2022 12:34:42 GMT	drama	2016	8			ДиКаприо, ВдВешник и другие	МакГрегор	90	7				
Начало	вавызалывзазыщвоазщоывазщоывоаывз	Sun, 18 Sep 2022 12:34:42 GMT	drama	2018	8.7			ДиКаприо, ВдВешник и другие	Гай Ричи	170	6				
Начало	вавызалывзазыщвоазщоывазщоывоаывз	Sun, 18 Sep 2022 12:34:42 GMT	crime	2017	9			3 паучка	Джони Кардано	170	5				
Джентельмен	уаывавыаывасмапипрр	Sat, 17 Sep 2022 12:34:42 GMT	crime	2017	8.7			Еще одни пацаны с района, ДиКаприо, ВдВешник и другие	Гай Ричи	180	7				
Начало	вавызалывзазыщвоазщоывазщоывоаывз	Wed, 14 Sep 2022 12:34:42 GMT	drama	2020	9			3 паучка, Еще одни пацаны с района, ДиКаприо, ВдВешник и другие	Гай Ричи	90	6				
Время первых	вввввввввввввввввввввввв	Fri, 16 Sep 2022 12:34:42 GMT	crime	2017	8.7			Еще одни пацаны с района, ДиКаприо, ВдВешник и другие	Архитектор	90	5				
Человек-паук	вввввввввввввввввввввввв	Tue, 13 Sep 2022 12:34:42 GMT	documentary	2018	8			Еще одни пацаны с района, ДиКаприо, ВдВешник и другие	Какой то русский	180	8				
Время первых	уаывавыаывасмапипрр	Thu, 15 Sep 2022 12:34:42 GMT	scifi	2019	8.7			Еще одни пацаны с района, ДиКаприо, ВдВешник и другие	Какой то русский	210	6				
Джентельмен	вавызалывзазыщвоазщоывазщоывоаывз	Fri, 16 Sep 2022 12:34:42 GMT	drama	2020	8.7			Еще одни пацаны с района, ДиКаприо, ВдВешник и другие	МакГрегор	90	6				
День Д	уаывавыаывасмапипрр	Thu, 15 Sep 2022 12:34:42 GMT	scifi	2020	8.7			ДиКаприо, ВдВешник и другие	Архитектор	210	5				
Джентельмен	вввввввввввввввввввввввв	Mon, 19 Sep 2022 12:34:42 GMT	scifi	2018	8.7			Еще одни пацаны с района, ДиКаприо, ВдВешник и другие	Архитектор	170	4				
Человек-паук	вввввввввввввввввввввввв	Wed, 14 Sep 2022 12:34:42 GMT	scifi	2018	10			Еще одни пацаны с района, ДиКаприо, ВдВешник и другие	Джони Кардано	170	7				
Джентельмен	аааааааааааааааааааыыу	Fri, 16 Sep 2022 12:34:42 GMT	scifi	2018	10			ДиКаприо, ВдВешник и другие	Какой то русский	190	7				
Человек-паук	аааааааааааааааааааыыу	Mon, 19 Sep 2022 12:34:42 GMT	drama	2019	10			Еще одни пацаны с района, ДиКаприо, ВдВешник и другие	Гай Ричи	210	7				
Начало	вавызалывзазыщвоазщоывазщоывоаывз	Thu, 15 Sep 2022 12:34:42 GMT	documentary	2018	8.7			Еще одни пацаны с района, ДиКаприо, ВдВешник и другие	Джони Кардано	210	7				
Джентельмен	Ахвлзпывальылвлхэвл	Thu, 15 Sep 2022 12:34:42 GMT	crime	2018	8.7			ДиКаприо, ВдВешник и другие	Какой то русский	90	8				
Джентельмен	аааааааааааааааааааыыу	Fri, 16 Sep 2022 12:34:42 GMT	documentary	2019	10			Еще одни пацаны с района, ДиКаприо, ВдВешник и другие	Какой то русский	180	7				
Человек-паук	вввввввввввввввввввввввв	Sun, 18 Sep 2022 12:34:42 GMT	crime	2016	10			ВдВешник и другие	Гай Ричи	180	6				
Джентельмен	Ахвлзпывальылвлхэвл	Wed, 14 Sep 2022 12:34:42 GMT	scifi	2020	10			ДиКаприо, ВдВешник и другие	Какой то русский	90	4				
Начало	аааааааааааааааааааыыу	Thu, 15 Sep 2022 12:34:42 GMT	scifi	2018	10			ДиКаприо, ВдВешник и другие	Какой то русский	170	8				
День Д	вввввввввввввввввввввввв	Sat, 17 Sep 2022 12:34:42 GMT	family	2017	8.7			3 паучка, Еще одни пацаны с района, ДиКаприо	Гай Ричи	210	5				
Человек-паук	вавызалывзазыщвоазщоывазщоывоаывз	Sun, 18 Sep 2022 12:34:42 GMT	drama	2017	8			Еще одни пацаны с района, ДиКаприо, ВдВешник и другие	Какой то русский	170	8				
Человек-паук	аааааааааааааааааааыыу	Mon, 19 Sep 2022 12:34:42 GMT	documentary	2018	10			ВдВешник и другие	МакГрегор	170	7				
Начало	вавызалывзазыщвоазщоывазщоывоаывз	Wed, 14 Sep 2022 12:34:42 GMT	family	2018	10			ДиКаприо, ВдВешник и другие	Джони Кардано	90	4				
Начало	уаывавыаывасмапипрр	Fri, 16 Sep 2022 12:34:42 GMT	family	2019	8.7			ДиКаприо, ВдВешник и другие	Архитектор	210	7				
Человек-паук	вввввввввввввввввввввввв	Thu, 15 Sep 2022 12:34:42 GMT	crime	2020	10			Еще одни пацаны с района, ДиКаприо, ВдВешник и другие	Джони Кардано	190	7				
Человек-паук	уаывавыаывасмапипрр	Tue, 13 Sep 2022 12:34:42 GMT	family	2019	8			ВдВешник и другие	Гай Ричи	210	5				
День Д	Ахвлзпывальылвлхэвл	Thu, 15 Sep 2022 12:34:42 GMT	crime	2017	8.7			ВдВешник и другие	Архитектор	210	6				
День Д	вавызалывзазыщвоазщоывазщоывоаывз	Sat, 17 Sep 2022 12:34:42 GMT	crime	2019	10			3 паучка, Еще одни пацаны с района, ДиКаприо, ВдВешник и другие	Гай Ричи	170	7				
Человек-паук	вавызалывзазыщвоазщоывазщоывоаывз	Sun, 18 Sep 2022 12:34:42 GMT	family	2019	8			Пацаны с района	МакГрегор	170	4				
Начало	аааааааааааааааааааыыу	Thu, 15 Sep 2022 12:34:42 GMT	scifi	2018	8			ДиКаприо, ВдВешник и другие	МакГрегор	190	7				
Человек-паук	аааааааааааааааааааыыу	Tue, 13 Sep 2022 12:34:42 GMT	documentary	2019	10			3 паучка, Еще одни пацаны с района	МакГрегор	170	7				
Начало	вавызалывзазыщвоазщоывазщоывоаывз	Fri, 16 Sep 2022 12:34:42 GMT	scifi	2018	8.7			3 паучка, Еще одни пацаны с района, ДиКаприо	МакГрегор	170	6				
Человек-паук	аааааааааааааааааааыыу	Tue, 13 Sep 2022 12:34:42 GMT	drama	2018	8.7			Еще одни пацаны с района, ДиКаприо	Архитектор	190	8				
Джентельмен	аааааааааааааааааааыыу	Wed, 14 Sep 2022 12:34:42 GMT	family	2016	8			ВдВешник и другие	МакГрегор	180	5				
Человек-паук	вввввввввввввввввввввввв	Fri, 16 Sep 2022 12:34:42 GMT	scifi	2020	8.7			Пацаны с района	Архитектор	90	7				
Время первых	вввввввввввввввввввввввв	Wed, 14 Sep 2022 12:34:42 GMT	drama	2017	10			ВдВешник и другие	МакГрегор	190	5				
Начало	вавызалывзазыщвоазщоывазщоывоаывз	Sat, 17 Sep 2022 12:34:42 GMT	scifi	2020	8.7			Еще одни пацаны с района, ДиКаприо, ВдВешник и другие	Какой то русский	210	7				
Джентельмен	вввввввввввввввввввввввв	Sat, 17 Sep 2022 12:34:42 GMT	drama	2017	8.7			Еще одни пацаны с района, ДиКаприо	Архитектор	180	5				
Время первых	аааааааааааааааааааыыу	Thu, 15 Sep 2022 12:34:42 GMT	drama	2017	10			Еще одни пацаны с района, ДиКаприо, ВдВешник и другие	Гай Ричи	170	6				
Начало	аааааааааааааааааааыыу	Mon, 19 Sep 2022 12:34:42 GMT	drama	2017	10			3 паучка, Еще одни пацаны с района, ДиКаприо	Архитектор	170	7				
Джентельмен	уаывавыаывасмапипрр	Wed, 14 Sep 2022 12:34:42 GMT	scifi	2018	8.7			ДиКаприо, ВдВешник и другие	Архитектор	190	5				
День Д	аааааааааааааааааааыыу	Wed, 14 Sep 2022 12:34:42 GMT	family	2017	9			ДиКаприо, ВдВешник и другие	Архитектор	180	8				
Время первых	вввввввввввввввввввввввв	Wed, 14 Sep 2022 12:34:42 GMT	crime	2017	8.7			ВдВешник и другие	Джони Кардано	90	4				
Джентельмен	аааааааааааааааааааыыу	Mon, 19 Sep 2022 12:34:42 GMT	crime	2016	8.7			ВдВешник и другие	Гай Ричи	180	7				
Начало	аааааааааааааааааааыыу	Sun, 18 Sep 2022 12:34:42 GMT	documentary	2017	8			3 паучка, Еще одни пацаны с района, ДиКаприо	МакГрегор	180	7				
День Д	вввввввввввввввввввввввв	Sun, 18 Sep 2022 12:34:42 GMT	drama	2020	10			3 паучка, Еще одни пацаны с района	Гай Ричи	210	6				
Джентельмен	вавызалывзазыщвоазщоывазщоывоаывз	Fri, 16 Sep 2022 12:34:42 GMT	family	2018	10			ДиКаприо, ВдВешник и другие	Архитектор	210	7				
Человек-паук	уаывавыаывасмапипрр	Tue, 13 Sep 2022 12:34:42 GMT	scifi	2018	10			Еще одни пацаны с района, ДиКаприо, ВдВешник и другие	Джони Кардано	210	8				
Человек-паук	Ахвлзпывальылвлхэвл	Tue, 13 Sep 2022 12:34:42 GMT	scifi	2017	9			ВдВешник и другие	МакГрегор	170	5				
Начало	аааааааааааааааааааыыу	Wed, 14 Sep 2022 12:34:42 GMT	documentary	2019	9			3 паучка, Еще одни пацаны с района	Архитектор	170	5				
Начало	вавызалывзазыщвоазщоывазщоывоаывз	Wed, 14 Sep 2022 12:34:42 GMT	drama	2016	8.7			3 паучка, Еще одни пацаны с района, ДиКаприо, ВдВешник и другие	Гай Ричи	180	6				
Человек-паук	аааааааааааааааааааыыу	Sat, 17 Sep 2022 12:34:42 GMT	documentary	2017	8.7			Еще одни пацаны с района, ДиКаприо, ВдВешник и другие	Какой то русский	210	7				
Начало	вавызалывзазыщвоазщоывазщоывоаывз	Thu, 15 Sep 2022 12:34:42 GMT	scifi	2019	9			ДиКаприо, ВдВешник и другие	МакГрегор	180	6				
Джентельмен	вавызалывзазыщвоазщоывазщоывоаывз	Thu, 15 Sep 2022 12:34:42 GMT	drama	2017	8			ДиКаприо, ВдВешник и другие	МакГрегор	210	5				
Человек-паук	уаывавыаывасмапипрр	Thu, 15 Sep 2022 12:34:42 GMT	documentary	2018	8			Еще одни пацаны с района, ДиКаприо, ВдВешник и другие	Гай Ричи	210	5				
Джентельмен	вввввввввввввввввввввввв	Fri, 16 Sep 2022 12:34:42 GMT	documentary	2018	10			ДиКаприо, ВдВешник и другие	Какой то русский	210	7				
День Д	аааааааааааааааааааыыу	Sat, 17 Sep 2022 12:34:42 GMT	crime	2017	9			ДиКаприо, ВдВешник и другие	Архитектор	180	7				
Джентельмен	уаывавыаывасмапипрр	Tue, 13 Sep 2022 12:34:42 GMT	scifi	2019	8.7			3 паучка, Еще одни пацаны с района	Джони Кардано	210	5				
День Д	Ахвлзпывальылвлхэвл	Tue, 13 Sep 2022 12:34:42 GMT	scifi	2020	10			Еще одни пацаны с района, ДиКаприо	Гай Ричи	210	7				
Начало	аааааааааааааааааааыыу	Sat, 17 Sep 2022 12:34:42 GMT	scifi	2018	10			Пацаны с района, 3 паучка, Еще одни пацаны с района	Архитектор	190	7				
Время первых	вввввввввввввввввввввввв	Sun, 18 Sep 2022 12:34:42 GMT	drama	2018	9			3 паучка, Еще одни пацаны с района, ДиКаприо, ВдВешник и другие	МакГрегор	180	6				
Время первых	вввввввввввввввввввввввв	Thu, 15 Sep 2022 12:34:42 GMT	documentary	2019	10			3 паучка, Еще одни пацаны с района, ДиКаприо, ВдВешник и другие	МакГрегор	180	6				
Время первых	вввввввввввввввввввввввв	Sun, 18 Sep 2022 12:34:42 GMT	family	2019	8			ВдВешник и другие	Джони Кардано	90	4				
Человек-паук	аааааааааааааааааааыыу	Mon, 19 Sep 2022 12:34:42 GMT	scifi	2019	10			Еще одни пацаны с района, ДиКаприо, ВдВешник и другие	Какой то русский	170	5				
День Д	уаывавыаывасмапипрр	Sun, 18 Sep 2022 12:34:42 GMT	drama	2019	8.7			Еще одни пацаны с района, ДиКаприо, ВдВешник и другие	Джони Кардано	180	6				
Джентельмен	уаывавыаывасмапипрр	Sat, 17 Sep 2022 12:34:42 GMT	family	2017	9			Еще одни пацаны с района, ДиКаприо, ВдВешник и другие	Какой то русский	90	5				
День Д	аааааааааааааааааааыыу	Sat, 17 Sep 2022 12:34:42 GMT	documentary	2017	9			Еще одни пацаны с района, ДиКаприо, ВдВешник и другие	Какой то русский	190	7				
Начало	вавызалывзазыщвоазщоывазщоывоаывз	Sat, 17 Sep 2022 12:34:42 GMT	scifi	2020	8			ДиКаприо, ВдВешник и другие	Джони Кардано	180	8				
День Д	вавызалывзазыщвоазщоывазщоывоаывз	Sun, 18 Sep 2022 12:34:42 GMT	crime	2018	10			ДиКаприо, ВдВешник и другие	МакГрегор	190	5				
Время первых	вавызалывзазыщвоазщоывазщоывоаывз	Sun, 18 Sep 2022 12:34:42 GMT	documentary	2017	9			ВдВешник и другие	Архитектор	90	8				
Человек-паук	Ахвлзпывальылвлхэвл	Thu, 15 Sep 2022 12:34:42 GMT	family	2019	8			ДиКаприо, ВдВешник и другие	Архитектор	180	7				
Человек-паук	аааааааааааааааааааыыу	Sun, 18 Sep 2022 12:34:42 GMT	crime	2018	10			3 паучка, Еще одни пацаны с района, ДиКаприо, ВдВешник и другие	Архитектор	190	6				
Человек-паук	вавызалывзазыщвоазщоывазщоывоаывз	Wed, 14 Sep 2022 12:34:42 GMT	crime	2017	10			Еще одни пацаны с района, ДиКаприо, ВдВешник и другие	Гай Ричи	180	6				
Джентельмен	Ахвлзпывальылвлхэвл	Thu, 15 Sep 2022 12:34:42 GMT	drama	2017	8.7			3 паучка	Гай Ричи	190	8				
Начало	уаывавыаывасмапипрр	Thu, 15 Sep 2022 12:34:42 GMT	crime	2019	8			Пацаны с района, 3 паучка, Еще одни пацаны с района, ДиКаприо	Гай Ричи	170	7				
Время первых	уаывавыаывасмапипрр	Thu, 15 Sep 2022 12:34:42 GMT	scifi	2019	10			3 паучка, Еще одни пацаны с района, ДиКаприо, ВдВешник и другие	МакГрегор	190	6				
День Д	вавызалывзазыщвоазщоывазщоывоаывз	Mon, 19 Sep 2022 12:34:42 GMT	crime	2020	8.7			Еще одни пацаны с района, ДиКаприо, ВдВешник и другие	Архитектор	180	4				
Человек-паук	вввввввввввввввввввввввв	Mon, 19 Sep 2022 12:34:42 GMT	drama	2020	10			Еще одни пацаны с района, ДиКаприо, ВдВешник и другие	МакГрегор	170	5				
День Д	вввввввввввввввввввввввв	Thu, 15 Sep 2022 12:34:42 GMT	family	2018	8			Еще одни пацаны с района, ДиКаприо, ВдВешник и другие	Гай Ричи	170	7				
Начало	вввввввввввввввввввввввв	Tue, 13 Sep 2022 12:34:42 GMT	family	2020	10			Еще одни пацаны с района, ДиКаприо, ВдВешник и другие	Гай Ричи	90	6				
Джентельмен	уаывавыаывасмапипрр	Mon, 19 Sep 2022 12:34:42 GMT	family	2017	9			Еще одни пацаны с района, ДиКаприо, ВдВешник и другие	Гай Ричи	190	6				
Время первых	аааааааааааааааааааыыу	Thu, 15 Sep 2022 12:34:42 GMT	drama	2019	9			3 паучка, Еще одни пацаны с района, ДиКаприо	Архитектор	180	4				
День Д	вввввввввввввввввввввввв	Thu, 15 Sep 2022 12:34:42 GMT	crime	2019	8			Еще одни пацаны с района, ДиКаприо, ВдВешник и другие	Джони Кардано	170	6				
Человек-паук	уаывавыаывасмапипрр	Fri, 16 Sep 2022 12:34:42 GMT	crime	2019	10			ВдВешник и другие	Гай Ричи	90	6				
День Д	вввввввввввввввввввввввв	Wed, 14 Sep 2022 12:34:42 GMT	crime	2016	10			3 паучка, Еще одни пацаны с района	Архитектор	210	5				
Джентельмен	вавызалывзазыщвоазщоывазщоывоаывз	Sun, 18 Sep 2022 12:34:42 GMT	drama	2018	9			Еще одни пацаны с района, ДиКаприо, ВдВешник и другие	Джони Кардано	210	7				
Время первых	вввввввввввввввввввввввв	Sat, 17 Sep 2022 12:34:42 GMT	crime	2019	10			Еще одни пацаны с района, ДиКаприо, ВдВешник и другие	Какой то русский	170	8				
День Д	аааааааааааааааааааыыу	Thu, 15 Sep 2022 12:34:42 GMT	crime	2018	9			Еще одни пацаны с района, ДиКаприо, ВдВешник и другие	МакГрегор	90	7				
Человек-паук	уаывавыаывасмапипрр	Wed, 14 Sep 2022 12:34:42 GMT	crime	2020	10			Пацаны с района, 3 паучка, Еще одни пацаны с района, ДиКаприо, ВдВешник и другие	Архитектор	90	6				
Джентельмен	аааааааааааааааааааыыу	Thu, 15 Sep 2022 12:34:42 GMT	crime	2017	8.7			Еще одни пацаны с района, ДиКаприо, ВдВешник и другие	Гай Ричи	180	4				
Джентельмен	Ахвлзпывальылвлхэвл	Fri, 16 Sep 2022 12:34:42 GMT	family	2016	10			ДиКаприо, ВдВешник и другие	Гай Ричи	170	6				
Человек-паук	Ахвлзпывальылвлхэвл	Fri, 16 Sep 2022 12:34:42 GMT	scifi	2017	8.7			3 паучка, Еще одни пацаны с района	МакГрегор	210	8				
День Д	аааааааааааааааааааыыу	Thu, 15 Sep 2022 12:34:42 GMT	crime	2017	8.7			ДиКаприо, ВдВешник и другие	МакГрегор	190	4				
Джентельмен	вавызалывзазыщвоазщоывазщоывоаывз	Sun, 18 Sep 2022 12:34:42 GMT	crime	2016	9			Пацаны с района, 3 паучка, Еще одни пацаны с района	Гай Ричи	170	4				
Человек-паук	вввввввввввввввввввввввв	Thu, 15 Sep 2022 12:34:42 GMT	scifi	2016	8.7			ДиКаприо, ВдВешник и другие	Архитектор	180	5				
Человек-паук	вввввввввввввввввввввввв	Wed, 14 Sep 2022 12:34:42 GMT	crime	2016	8.7			ДиКаприо, ВдВешник и другие	Джони Кардано	180	6				
Человек-паук	вавызалывзазыщвоазщоывазщоывоаывз	Thu, 15 Sep 2022 12:34:42 GMT	documentary	2019	10			ДиКаприо, ВдВешник и другие	МакГрегор	210	8				
Джентельмен	аааааааааааааааааааыыу	Mon, 19 Sep 2022 12:34:42 GMT	scifi	2017	10			Еще одни пацаны с района, ДиКаприо	Какой то русский	210	6				
Джентельмен	Ахвлзпывальылвлхэвл	Thu, 15 Sep 2022 12:34:42 GMT	family	2016	10			3 паучка, Еще одни пацаны с района	Архитектор	90	5				
Начало	уаывавыаывасмапипрр	Thu, 15 Sep 2022 12:34:42 GMT	crime	2018	8			ДиКаприо, ВдВешник и другие	Архитектор	180	6				
Человек-паук	вввввввввввввввввввввввв	Fri, 16 Sep 2022 12:34:42 GMT	documentary	2020	10			3 паучка, Еще одни пацаны с района, ДиКаприо, ВдВешник и другие	Какой то русский	170	5				
Человек-паук	вввввввввввввввввввввввв	Wed, 14 Sep 2022 12:34:42 GMT	drama	2018	10			ВдВешник и другие	Гай Ричи	170	5				
Человек-паук	уаывавыаывасмапипрр	Sun, 18 Sep 2022 12:34:42 GMT	crime	2019	8.7			Еще одни пацаны с района, ДиКаприо, ВдВешник и другие	Джони Кардано	190	7				
